Date,Security Symbol,Security Name,Industry,Equity Capital (In Rs.),Free Float Market Capitalisation (Rs. Crores),Weightage (%),Beta,R2,Volatility (%),Monthly Return,Avg. Impact Cost (%),Index Market Capitalisation (Rs. Crores)
2021-03-31,ADANIPORTS,Adani Ports and Special Economic Zone Ltd.,PORT,4063503522.0,51375.69,0.81,0.81,0.25,2.43,3.92,0.03,
2021-03-31,JSWSTEEL,JSW Steel Ltd.,STEEL,2417220440.0,45293.88,0.71,1.24,0.47,2.09,18.46,0.03,
2021-03-31,KOTAKBANK,Kotak Mahindra Bank Ltd.,PRIVATE SECTOR BANK,9908108840.0,257059.94,4.05,1.16,0.45,1.61,-1.54,0.02,
2021-03-31,LT,Larsen & Toubro Ltd.,ENGINEERING-DESIGNING-CONSTRUCTION,2808870286.0,171376.76,2.7,0.87,0.35,1.55,-1.64,0.03,
2021-03-31,M&M,Mahindra & Mahindra Ltd.,PASSENGER/UTILITY VEHICLES,6215962720.0,76125.96,1.2,1.27,0.4,1.7,-1.38,0.02,
2021-03-31,MARUTI,Maruti Suzuki India Ltd.,PASSENGER/UTILITY VEHICLES,1510400300.0,91169.21,1.44,1.15,0.45,1.49,-0.1,0.02,
2021-03-31,NTPC,NTPC Ltd.,POWER,96966661340.0,50625.81,0.8,0.67,0.19,2.11,-0.7,0.04,
2021-03-31,NESTLEIND,Nestle India Ltd.,CONSUMER FOOD,964157160.0,61234.82,0.96,0.51,0.17,1.35,6.61,0.02,
2021-03-31,ONGC,Oil & Natural Gas Corporation Ltd.,OIL EXPLORATION,62901396030.0,37267.19,0.59,0.86,0.21,2.21,-7.97,0.03,
2021-03-31,POWERGRID,Power Grid Corporation of India Ltd.,POWER - TRANSMISSION,52315896480.0,55281.42,0.87,0.62,0.2,2.31,0.63,0.03,
2021-03-31,RELIANCE,Reliance Industries Ltd.,REFINERIES/MARKETING,63394419200.0,647625.34,10.19,0.93,0.34,1.82,-3.96,0.02,
2021-03-31,INFY,Infosys Ltd.,COMPUTERS - SOFTWARE,21299439990.0,507013.36,7.98,0.82,0.32,1.68,9.16,0.02,
2021-03-31,SBILIFE,SBI Life Insurance Company Ltd.,LIFE INSURANCE,10000697480.0,34355.55,0.54,0.77,0.3,2.01,1.61,0.03,
2021-03-31,SBIN,State Bank of India,PUBLIC SECTOR BANK,8924611534.0,139803.15,2.2,1.3,0.48,1.66,-6.63,0.02,
2021-03-31,SUNPHARMA,Sun Pharmaceutical Industries Ltd.,PHARMACEUTICALS,2399334970.0,64544.51,1.02,0.58,0.15,1.52,0.54,0.02,
2021-03-31,TCS,Tata Consultancy Services Ltd.,COMPUTERS - SOFTWARE,3699051373.0,329140.85,5.18,0.75,0.32,1.39,9.8,0.02,
2021-03-31,TATACONSUM,Tata Consumer Products Ltd.,TEA &  COFFEE,921551715.0,38270.66,0.6,0.67,0.21,1.54,4.88,0.03,
2021-03-31,TATAMOTORS,Tata Motors Ltd.,PASSENGER/UTILITY VEHICLES,6640615530.0,54111.72,0.85,1.47,0.33,2.53,-6.55,0.03,
2021-03-31,TATASTEEL,Tata Steel Ltd.,STEEL,11264895180.0,61274.21,0.96,1.13,0.37,3.05,13.52,0.02,
2021-03-31,TECHM,Tech Mahindra Ltd.,COMPUTERS - SOFTWARE,4841300335.0,61438.81,0.97,0.76,0.24,1.82,7.9,0.03,
2021-03-31,TITAN,Titan Company Ltd.,"GEMS, JEWELLERY AND WATCHES",887786160.0,65011.12,1.02,0.95,0.35,1.56,10.74,0.02,
2021-03-31,UPL,UPL Ltd.,PESTICIDES AND AGROCHEMICALS,1528090912.0,35308.99,0.56,0.96,0.21,3.04,14.3,0.03,
2021-03-31,ULTRACEMCO,UltraTech Cement Ltd.,CEMENT,2886414540.0,77794.07,1.22,0.88,0.38,1.89,10.19,0.03,
2021-03-31,SHREECEM,Shree Cement Ltd.,CEMENT,360807480.0,39335.95,0.62,0.93,0.36,2.15,11.18,0.03,
2021-03-31,INDUSINDBK,IndusInd Bank Ltd.,PRIVATE SECTOR BANK,7731551870.0,53869.47,0.85,1.78,0.4,1.95,-10.21,0.03,
2021-03-31,WIPRO,Wipro Ltd.,COMPUTERS - SOFTWARE,10958221110.0,61267.69,0.96,0.69,0.19,1.88,0.94,0.02,
2021-03-31,ITC,ITC Ltd.,CIGARETTES & RELATED PRODUCTS,12307869772.0,190938.14,3.01,0.48,0.12,1.49,7.19,0.03,
2021-03-31,IOC,Indian Oil Corporation Ltd.,REFINERIES/MARKETING,94141589220.0,23346.64,0.37,0.84,0.34,1.78,-6.32,0.03,
2021-03-31,ASIANPAINT,Asian Paints Ltd.,PAINTS,959197790.0,114391.82,1.8,0.67,0.24,1.98,11.43,0.02,
2021-03-31,AXISBANK,Axis Bank Ltd.,PRIVATE SECTOR BANK,6126763828.0,175197.57,2.76,1.77,0.55,1.55,-3.77,0.03,
2021-03-31,BAJAJ-AUTO,Bajaj Auto Ltd.,MOTOR CYCLES/SCOOTERS,2893670200.0,47796.78,0.75,0.85,0.33,1.82,-3.37,0.03,
2021-03-31,BAJFINANCE,Bajaj Finance Ltd.,NBFC,1205174678.0,136542.31,2.15,1.47,0.43,1.69,-2.19,0.02,
2021-03-31,BAJAJFINSV,Bajaj Finserv Ltd.,GENERAL INSURANCE,795687220.0,58468.18,0.92,1.32,0.44,1.99,0.21,0.03,
2021-03-31,BPCL,Bharat Petroleum Corporation Ltd.,REFINERIES/MARKETING,21692527440.0,39918.26,0.63,0.99,0.29,1.99,-4.87,0.02,
2021-03-31,BRITANNIA,Britannia Industries Ltd.,CONSUMER FOOD,240868296.0,42784.82,0.67,0.49,0.18,1.38,7.77,0.02,
2021-03-31,CIPLA,Cipla Ltd.,PHARMACEUTICALS,1612920892.0,41412.79,0.65,0.42,0.07,1.5,3.56,0.02,
2021-03-31,COALINDIA,Coal India Ltd.,INDUSTRIAL MINERALS,61627283270.0,27312.6,0.43,0.81,0.29,1.59,-14.36,0.04,
2021-03-31,DIVISLAB,Divi's Laboratories Ltd.,PHARMACEUTICALS,530937160.0,46163.5,0.73,0.62,0.17,1.74,7.72,0.02,
2021-03-31,BHARTIARTL,Bharti Airtel Ltd.,TELECOM - SERVICES,27460136340.0,125005.13,1.97,0.71,0.18,1.54,-7.01,0.03,
2021-03-31,EICHERMOT,Eicher Motors Ltd.,MOTOR CYCLES/SCOOTERS,273335922.0,36299.41,0.57,0.97,0.35,1.48,4.22,0.02,
2021-03-31,GRASIM,Grasim Industries Ltd.,CEMENT,1315902008.0,55354.67,0.87,0.98,0.37,1.6,20.8,0.02,
2021-03-31,HCLTECH,HCL Technologies Ltd.,COMPUTERS - SOFTWARE,5427330192.0,106663.32,1.68,0.83,0.28,1.87,8.05,0.02,
2021-03-31,ICICIBANK,ICICI Bank Ltd.,PRIVATE SECTOR BANK,13830908690.0,402548.6,6.34,1.73,0.67,1.89,-2.62,0.03,
2021-03-31,HDFCBANK,HDFC Bank Ltd.,PRIVATE SECTOR BANK,5512776482.0,650498.53,10.24,1.24,0.64,1.85,-2.66,0.02,
2021-03-31,HDFCLIFE,HDFC Life Insurance Company Ltd.,LIFE INSURANCE,20209439660.0,57686.23,0.91,0.75,0.31,1.43,-0.64,0.02,
2021-03-31,HEROMOTOCO,Hero MotoCorp Ltd.,MOTOR CYCLES/SCOOTERS,399560434.0,37835.18,0.6,0.9,0.28,1.78,-9.63,0.02,
2021-03-31,HINDALCO,Hindalco Industries Ltd.,ALUMINIUM,2246684247.0,47731.37,0.75,1.5,0.44,2.23,-3.94,0.03,
2021-03-31,HINDUNILVR,Hindustan Unilever Ltd.,DIVERSIFIED,2349564645.0,217092.72,3.42,0.52,0.18,1.78,14.05,0.02,
2021-03-31,HDFC,Housing Development Finance Corporation Ltd.,HOUSING FINANCE,3602421566.0,449960.47,7.08,1.29,0.54,1.97,-1.63,0.02,
2021-03-31,DRREDDY,Dr. Reddy's Laboratories Ltd.,PHARMACEUTICALS,831501845.0,54823.91,0.86,0.43,0.09,1.62,2.02,0.02,
2021-09-30,DRREDDY,Dr. Reddy's Laboratories Ltd.,PHARMACEUTICALS,831982535.0,59285.59,0.78,0.35,0.05,0.94,3.76,0.02,
2021-09-30,EICHERMOT,Eicher Motors Ltd.,MOTOR CYCLES/SCOOTERS,273399672.0,38904.83,0.51,0.93,0.26,1.4,4.14,0.02,
2021-09-30,GRASIM,Grasim Industries Ltd.,CEMENT,1316209202.0,63723.02,0.83,0.81,0.24,1.11,11.27,0.02,
2021-09-30,HINDALCO,Hindalco Industries Ltd.,ALUMINIUM,2247114735.0,71271.18,0.93,1.47,0.3,2.31,4.2,0.02,
2021-09-30,HDFCBANK,HDFC Bank Ltd.,PRIVATE SECTOR BANK,5537451890.0,697724.75,9.13,1.27,0.55,1.05,0.86,0.02,
2021-09-30,HDFCLIFE,HDFC Life Insurance Company Ltd.,LIFE INSURANCE,20231321130.0,67229.49,0.88,0.63,0.18,1.71,0.65,0.02,
2021-09-30,HEROMOTOCO,Hero MotoCorp Ltd.,MOTOR CYCLES/SCOOTERS,399588400.0,36784.61,0.48,0.81,0.24,1.24,3.31,0.02,
2021-09-30,DIVISLAB,Divi's Laboratories Ltd.,PHARMACEUTICALS,530937160.0,61147.4,0.8,0.67,0.17,1.33,-7.25,0.02,
2021-09-30,HCLTECH,HCL Technologies Ltd.,COMPUTERS - SOFTWARE,5427330192.0,138890.81,1.82,0.76,0.19,1.71,8.23,0.02,
2021-09-30,COALINDIA,Coal India Ltd.,INDUSTRIAL MINERALS,61627283270.0,38784.51,0.51,0.94,0.2,2.44,26.91,0.04,
2021-09-30,ULTRACEMCO,UltraTech Cement Ltd.,CEMENT,2886595660.0,85398.2,1.12,1.01,0.34,0.96,-5.57,0.03,
2021-09-30,BRITANNIA,Britannia Industries Ltd.,CONSUMER FOOD,240868296.0,46607.67,0.61,0.21,0.03,0.68,-1.21,0.02,
2021-09-30,BHARTIARTL,Bharti Airtel Ltd.,TELECOM - SERVICES,27460136340.0,162546.98,2.13,0.85,0.2,1.71,3.65,0.03,
2021-09-30,BPCL,Bharat Petroleum Corporation Ltd.,REFINERIES/MARKETING,21692527440.0,41252.25,0.54,0.78,0.17,2.69,-8.36,0.02,
2021-09-30,BAJAJFINSV,Bajaj Finserv Ltd.,GENERAL INSURANCE,795687220.0,107560.44,1.41,1.28,0.31,1.77,3.72,0.03,
2021-09-30,BAJFINANCE,Bajaj Finance Ltd.,NBFC,1207188690.0,203650.56,2.66,1.41,0.38,1.45,1.91,0.02,
2021-09-30,BAJAJ-AUTO,Bajaj Auto Ltd.,MOTOR CYCLES/SCOOTERS,2893670200.0,49906.91,0.65,0.72,0.19,1.05,2.81,0.02,
2021-09-30,AXISBANK,Axis Bank Ltd.,PRIVATE SECTOR BANK,6132598898.0,197439.63,2.58,1.42,0.46,1.2,-2.54,0.02,
2021-09-30,ASIANPAINT,Asian Paints Ltd.,PAINTS,959197790.0,146276.27,1.91,0.66,0.14,1.42,1.35,0.02,
2021-09-30,ADANIPORTS,Adani Ports and Special Economic Zone Ltd.,PORT,4083503522.0,54237.91,0.71,1.18,0.2,0.97,-1.39,0.02,
2021-09-30,HINDUNILVR,Hindustan Unilever Ltd.,PERSONAL CARE,2349591262.0,241228.78,3.16,0.35,0.07,1.17,-0.82,0.02,
2021-09-30,CIPLA,Cipla Ltd.,PHARMACEUTICALS,1613307248.0,49983.2,0.65,0.33,0.04,1.26,3.77,0.02,
2021-09-30,HDFC,Housing Development Finance Corporation Ltd.,HOUSING FINANCE,3609705098.0,497110.54,6.5,1.41,0.51,1.4,-1.58,0.02,
2021-09-30,NESTLEIND,Nestle India Ltd.,CONSUMER FOOD,964157160.0,69369.7,0.91,0.29,0.05,1.22,-0.11,0.03,
2021-09-30,ITC,ITC Ltd.,CIGARETTES & RELATED PRODUCTS,12320326302.0,206570.6,2.7,0.69,0.2,1.71,11.76,0.03,
2021-09-30,WIPRO,Wipro Ltd.,COMPUTERS - SOFTWARE,10959426980.0,93816.53,1.23,0.81,0.17,1.59,-1.07,0.02,
2021-09-30,TECHM,Tech Mahindra Ltd.,COMPUTERS - SOFTWARE,4848571855.0,85682.41,1.12,0.77,0.17,1.62,-4.63,0.03,
2021-09-30,TATASTEEL,Tata Steel Ltd.,STEEL,12029702410.0,100783.04,1.32,1.33,0.24,2.59,-11.13,0.02,
2021-09-30,TATAMOTORS,Tata Motors Ltd.,PASSENGER/UTILITY VEHICLES,6640615530.0,59768.53,0.78,1.64,0.31,1.71,16.03,0.02,
2021-09-30,TATACONSUM,Tata Consumer Products Ltd.,TEA &  COFFEE,921551715.0,48735.34,0.64,0.63,0.16,0.79,-5.94,0.02,
2021-09-30,TCS,Tata Consultancy Services Ltd.,COMPUTERS - SOFTWARE,3699051373.0,391046.7,5.12,0.61,0.18,1.25,-0.29,0.02,
2021-09-30,SUNPHARMA,Sun Pharmaceutical Industries Ltd.,PHARMACEUTICALS,2399334970.0,88346.51,1.16,0.74,0.17,1.34,3.05,0.02,
2021-09-30,SBIN,State Bank of India,PUBLIC SECTOR BANK,8924611534.0,173842.51,2.27,1.56,0.45,1.82,6.33,0.02,
2021-09-30,SHREECEM,Shree Cement Ltd.,CEMENT,360807480.0,38583.21,0.5,1.05,0.29,1.63,2.17,0.03,
2021-09-30,SBILIFE,SBI Life Insurance Company Ltd.,LIFE INSURANCE,10001921830.0,53474.67,0.7,0.5,0.11,1.39,1.93,0.03,
2021-09-30,ICICIBANK,ICICI Bank Ltd.,PRIVATE SECTOR BANK,13866912880.0,485931.29,6.36,1.61,0.57,1.07,-2.53,0.02,
2021-09-30,RELIANCE,Reliance Industries Ltd.,REFINERIES/MARKETING,63394431200.0,814502.75,10.66,0.91,0.28,1.37,11.56,0.01,
2021-09-30,ONGC,Oil & Natural Gas Corporation Ltd.,OIL EXPLORATION,62901396030.0,52717.66,0.69,1.0,0.18,1.93,19.87,0.03,
2021-09-30,NTPC,NTPC Ltd.,POWER,96966661340.0,67398.13,0.88,0.71,0.15,2.26,22.34,0.03,
2021-09-30,MARUTI,Maruti Suzuki India Ltd.,PASSENGER/UTILITY VEHICLES,1510400300.0,97533.86,1.28,0.72,0.2,1.65,7.19,0.02,
2021-09-30,M&M,Mahindra & Mahindra Ltd.,PASSENGER/UTILITY VEHICLES,6215962720.0,76872.62,1.01,1.19,0.32,1.57,1.23,0.02,
2021-09-30,LT,Larsen & Toubro Ltd.,ENGINEERING-DESIGNING-CONSTRUCTION,2809312020.0,205717.07,2.69,1.11,0.4,1.07,1.84,0.02,
2021-09-30,KOTAKBANK,Kotak Mahindra Bank Ltd.,PRIVATE SECTOR BANK,9915118875.0,294294.61,3.85,1.11,0.36,1.59,14.36,0.02,
2021-09-30,JSWSTEEL,JSW Steel Ltd.,STEEL,2417220440.0,66232.57,0.87,1.14,0.23,2.37,-2.81,0.03,
2021-09-30,INFY,Infosys Ltd.,COMPUTERS - SOFTWARE,21306358815.0,621047.97,8.13,0.68,0.23,1.2,-1.83,0.02,
2021-09-30,INDUSINDBK,IndusInd Bank Ltd.,PRIVATE SECTOR BANK,7740861740.0,67135.1,0.88,1.7,0.38,2.32,12.04,0.03,
2021-09-30,IOC,Indian Oil Corporation Ltd.,REFINERIES/MARKETING,94141589220.0,31849.04,0.42,0.81,0.21,1.58,13.04,0.03,
2021-09-30,POWERGRID,Power Grid Corporation of India Ltd.,POWER - TRANSMISSION,69754528640.0,64907.29,0.85,0.71,0.14,1.84,8.3,0.03,
2021-09-30,TITAN,Titan Company Ltd.,"GEMS, JEWELLERY AND WATCHES",887786160.0,90205.24,1.18,0.83,0.24,1.09,12.5,0.02,
2021-09-30,UPL,UPL Ltd.,PESTICIDES AND AGROCHEMICALS,1528090912.0,38931.48,0.51,0.87,0.13,1.45,-4.53,0.03,
2022-03-31,UPL,UPL Ltd.,PESTICIDES AND AGROCHEMICALS,1528090912.0,42336.68,0.55,0.9,0.22,1.42,15.65,0.03,
2022-03-31,INFY,Infosys Ltd.,COMPUTERS - SOFTWARE,21033693205.0,697880.9,9.13,0.73,0.3,1.47,11.15,0.02,
2022-03-31,JSWSTEEL,JSW Steel Ltd.,STEEL,2417220440.0,70839.06,0.93,1.33,0.3,2.42,16.77,0.03,
2022-03-31,KOTAKBANK,Kotak Mahindra Bank Ltd.,PRIVATE SECTOR BANK,9921868655.0,257541.75,3.37,1.18,0.47,1.81,-4.82,0.02,
2022-03-31,LT,Larsen & Toubro Ltd.,ENGINEERING-DESIGNING-CONSTRUCTION,2809931704.0,213579.96,2.79,1.05,0.47,1.64,-2.7,0.03,
2022-03-31,M&M,Mahindra & Mahindra Ltd.,PASSENGER/UTILITY VEHICLES,6215962720.0,77207.66,1.01,1.08,0.33,2.32,1.99,0.02,
2022-03-31,MARUTI,Maruti Suzuki India Ltd.,PASSENGER/UTILITY VEHICLES,1510400300.0,100501.19,1.31,0.94,0.25,2.75,-9.06,0.03,
2022-03-31,NTPC,NTPC Ltd.,POWER,96966661340.0,64143.45,0.84,0.78,0.22,1.09,1.12,0.03,
2022-03-31,NESTLEIND,Nestle India Ltd.,CONSUMER FOOD,964157160.0,62003.05,0.81,0.34,0.09,1.58,-1.47,0.03,
2022-03-31,ONGC,Oil & Natural Gas Corporation Ltd.,OIL EXPLORATION,62901396030.0,59795.33,0.78,0.6,0.07,3.81,2.02,0.03,
2022-03-31,RELIANCE,Reliance Industries Ltd.,REFINERIES/MARKETING,67648761980.0,909011.64,11.89,1.1,0.48,1.99,11.66,0.02,
2022-03-31,INDUSINDBK,IndusInd Bank Ltd.,PRIVATE SECTOR BANK,7746520180.0,60867.2,0.8,1.48,0.38,2.32,1.6,0.03,
2022-03-31,SBILIFE,SBI Life Insurance Company Ltd.,LIFE INSURANCE,10003705620.0,49362.08,0.65,0.77,0.24,2.2,5.78,0.04,
2022-03-31,SBIN,State Bank of India,PUBLIC SECTOR BANK,8924611534.0,189403.91,2.48,1.32,0.5,1.88,2.14,0.02,
2022-03-31,SUNPHARMA,Sun Pharmaceutical Industries Ltd.,PHARMACEUTICALS,2399334970.0,98765.62,1.29,0.65,0.17,1.57,8.4,0.02,
2022-03-31,TCS,Tata Consultancy Services Ltd.,COMPUTERS - SOFTWARE,3699051373.0,387359.48,5.07,0.67,0.26,1.15,5.23,0.02,
2022-03-31,TATACONSUM,Tata Consumer Products Ltd.,TEA &  COFFEE,921551715.0,46566.93,0.61,0.9,0.3,2.18,8.18,0.03,
2022-03-31,TATAMOTORS,Tata Motors Ltd.,PASSENGER/UTILITY VEHICLES,6641324014.0,77778.21,1.02,1.78,0.38,2.29,-4.47,0.02,
2022-03-31,TATASTEEL,Tata Steel Ltd.,STEEL,12221189640.0,105438.56,1.38,1.39,0.29,2.28,7.08,0.03,
2022-03-31,TECHM,Tech Mahindra Ltd.,COMPUTERS - SOFTWARE,4856894060.0,93218.17,1.22,0.99,0.28,1.86,6.34,0.03,
2022-03-31,TITAN,Titan Company Ltd.,"GEMS, JEWELLERY AND WATCHES",887786160.0,105823.27,1.38,1.09,0.33,2.1,-0.41,0.03,
2022-03-31,ULTRACEMCO,UltraTech Cement Ltd.,CEMENT,2886667580.0,76234.58,1.0,0.98,0.35,2.65,0.52,0.03,
2022-03-31,WIPRO,Wipro Ltd.,COMPUTERS - SOFTWARE,10964140230.0,87610.61,1.15,0.91,0.25,1.23,6.5,0.02,
2022-03-31,SHREECEM,Shree Cement Ltd.,CEMENT,360807480.0,32083.22,0.42,1.0,0.33,2.03,-1.57,0.03,
2022-03-31,ITC,ITC Ltd.,CIGARETTES & RELATED PRODUCTS,12323255932.0,219306.51,2.87,0.86,0.31,1.17,16.12,0.03,
2022-03-31,POWERGRID,Power Grid Corporation of India Ltd.,POWER - TRANSMISSION,69754528640.0,74101.63,0.97,0.54,0.1,1.52,3.66,0.03,
2022-03-31,HDFC,Housing Development Finance Corporation Ltd.,HOUSING FINANCE,3618452048.0,432477.39,5.66,1.24,0.57,2.32,1.1,0.02,
2022-03-31,ICICIBANK,ICICI Bank Ltd.,PRIVATE SECTOR BANK,13896930854.0,507446.43,6.64,1.26,0.5,1.94,-1.67,0.03,
2022-03-31,APOLLOHOSP,Apollo Hospitals Enterprise Ltd.,HOSPITAL,718923285.0,46103.56,0.6,0.81,0.11,1.64,-5.97,0.02,
2022-03-31,ASIANPAINT,Asian Paints Ltd.,PAINTS,959197790.0,138851.22,1.82,0.75,0.19,2.5,-2.98,0.02,
2022-03-31,AXISBANK,Axis Bank Ltd.,PRIVATE SECTOR BANK,6139220726.0,200933.32,2.63,1.21,0.46,2.29,2.53,0.03,
2022-03-31,BAJAJ-AUTO,Bajaj Auto Ltd.,MOTOR CYCLES/SCOOTERS,2893670200.0,47567.6,0.62,0.75,0.27,1.84,3.47,0.03,
2022-03-31,BAJFINANCE,Bajaj Finance Ltd.,NBFC,1210858466.0,193396.98,2.53,1.51,0.5,2.32,3.68,0.02,
2022-03-31,BAJAJFINSV,Bajaj Finserv Ltd.,GENERAL INSURANCE,795687220.0,103168.34,1.35,1.37,0.42,2.22,6.54,0.03,
2022-03-31,BPCL,Bharat Petroleum Corporation Ltd.,REFINERIES/MARKETING,21692527440.0,34298.92,0.45,0.86,0.25,1.75,2.73,0.02,
2022-03-31,BHARTIARTL,Bharti Airtel Ltd.,TELECOM - SERVICES,27460136340.0,178286.86,2.33,0.86,0.25,1.66,9.97,0.03,
2022-03-31,BRITANNIA,Britannia Industries Ltd.,CONSUMER FOOD,240868296.0,37843.69,0.5,0.43,0.11,2.1,-6.45,0.02,
2022-03-31,CIPLA,Cipla Ltd.,PHARMACEUTICALS,1613628072.0,52568.13,0.69,0.01,0.0,1.76,10.05,0.02,
2022-03-31,ADANIPORTS,Adani Ports and Special Economic Zone Ltd.,PORT,4224746460.0,55603.58,0.73,1.44,0.33,1.57,9.43,0.03,
2022-03-31,DIVISLAB,Divi's Laboratories Ltd.,PHARMACEUTICALS,530937160.0,56093.09,0.73,0.64,0.14,1.64,3.21,0.03,
2022-03-31,COALINDIA,Coal India Ltd.,INDUSTRIAL MINERALS,61627283270.0,38354.97,0.5,0.83,0.13,3.07,7.96,0.03,
2022-03-31,HINDALCO,Hindalco Industries Ltd.,ALUMINIUM,2247172724.0,83184.72,1.09,1.22,0.23,3.09,-0.74,0.02,
2022-03-31,HEROMOTOCO,Hero MotoCorp Ltd.,MOTOR CYCLES/SCOOTERS,399623882.0,29795.91,0.39,0.98,0.38,2.62,-9.52,0.02,
2022-03-31,HDFCLIFE,HDFC Life Insurance Company Ltd.,LIFE INSURANCE,21125226940.0,50026.23,0.65,0.85,0.29,2.59,2.87,0.02,
2022-03-31,HDFCBANK,HDFC Bank Ltd.,PRIVATE SECTOR BANK,5544652376.0,644053.79,8.43,1.07,0.56,1.81,3.09,0.02,
2022-03-31,HINDUNILVR,Hindustan Unilever Ltd.,DIVERSIFIED,2349591262.0,182912.63,2.39,0.56,0.18,2.15,-5.68,0.02,
2022-03-31,GRASIM,Grasim Industries Ltd.,CEMENT,1316590852.0,62438.0,0.82,1.19,0.44,1.94,4.1,0.03,
2022-03-31,EICHERMOT,Eicher Motors Ltd.,MOTOR CYCLES/SCOOTERS,273423102.0,34263.92,0.45,1.03,0.34,2.15,-5.12,0.02,
2022-03-31,DRREDDY,Dr. Reddy's Laboratories Ltd.,PHARMACEUTICALS,832129245.0,52185.8,0.68,0.41,0.07,2.29,5.71,0.02,
2022-03-31,HCLTECH,HCL Technologies Ltd.,COMPUTERS - SOFTWARE,5427330192.0,123163.08,1.61,0.76,0.22,1.21,3.27,0.02,
2022-09-30,ONGC,Oil & Natural Gas Corporation Ltd.,OIL EXPLORATION,62901396030.0,49450.56,0.65,0.53,0.05,1.55,-8.51,0.03,
2022-09-30,INFY,Infosys Ltd.,COMPUTERS - SOFTWARE,21038767370.0,517428.08,6.84,1.01,0.43,1.69,-5.33,0.02,
2022-09-30,JSWSTEEL,JSW Steel Ltd.,STEEL,2417220440.0,59546.65,0.79,1.21,0.34,1.43,-5.29,0.03,
2022-09-30,KOTAKBANK,Kotak Mahindra Bank Ltd.,PRIVATE SECTOR BANK,9928208080.0,267308.66,3.53,1.06,0.46,1.19,-5.02,0.02,
2022-09-30,LT,Larsen & Toubro Ltd.,ENGINEERING-DESIGNING-CONSTRUCTION,2810382398.0,223287.97,2.95,1.05,0.53,1.15,-3.89,0.02,
2022-09-30,M&M,Mahindra & Mahindra Ltd.,PASSENGER/UTILITY VEHICLES,6215962720.0,121399.49,1.6,1.01,0.35,1.57,-3.09,0.02,
2022-09-30,MARUTI,Maruti Suzuki India Ltd.,PASSENGER/UTILITY VEHICLES,1510400300.0,117339.56,1.55,0.92,0.29,1.59,-2.8,0.02,
2022-09-30,INDUSINDBK,IndusInd Bank Ltd.,PRIVATE SECTOR BANK,7752250640.0,77178.93,1.02,1.36,0.39,2.16,7.02,0.02,
2022-09-30,NTPC,NTPC Ltd.,POWER,96966661340.0,75855.56,1.0,0.72,0.21,1.53,-2.65,0.03,
2022-09-30,NESTLEIND,Nestle India Ltd.,CONSUMER FOOD,964157160.0,68296.81,0.9,0.5,0.22,1.07,-3.92,0.03,
2022-09-30,POWERGRID,Power Grid Corporation of India Ltd.,POWER - TRANSMISSION,69754528640.0,72529.36,0.96,0.51,0.11,2.2,-7.58,0.03,
2022-09-30,TCS,Tata Consultancy Services Ltd.,COMPUTERS - SOFTWARE,3659051373.0,307826.48,4.07,0.84,0.4,1.27,-6.43,0.02,
2022-09-30,SBILIFE,SBI Life Insurance Company Ltd.,LIFE INSURANCE,10007136560.0,56310.41,0.74,0.87,0.34,1.26,-5.92,0.03,
2022-09-30,SBIN,State Bank of India,PUBLIC SECTOR BANK,8924611734.0,203622.16,2.69,1.1,0.52,1.4,-0.12,0.02,
2022-09-30,SUNPHARMA,Sun Pharmaceutical Industries Ltd.,PHARMACEUTICALS,2399334970.0,102425.81,1.35,0.68,0.25,1.47,6.23,0.02,
2022-09-30,TATACONSUM,Tata Consumer Products Ltd.,TEA &  COFFEE,921551715.0,48091.41,0.64,0.94,0.36,1.81,-0.84,0.02,
2022-09-30,TATAMOTORS,Tata Motors Ltd.,PASSENGER/UTILITY VEHICLES,6642350488.0,72562.37,0.96,1.67,0.42,1.78,-14.12,0.02,
2022-09-30,TATASTEEL,Tata Steel Ltd.,STEEL,12221209890.0,80095.37,1.06,1.31,0.33,1.83,-8.31,0.04,
2022-09-30,TECHM,Tech Mahindra Ltd.,COMPUTERS - SOFTWARE,4865797000.0,63799.36,0.84,1.2,0.44,1.91,-6.27,0.03,
2022-09-30,TITAN,Titan Company Ltd.,"GEMS, JEWELLERY AND WATCHES",887786160.0,108777.46,1.44,1.15,0.41,1.54,0.09,0.02,
2022-09-30,UPL,UPL Ltd.,PESTICIDES AND AGROCHEMICALS,1501215282.0,35815.66,0.47,0.92,0.3,1.7,-12.64,0.03,
2022-09-30,ITC,ITC Ltd.,CIGARETTES & RELATED PRODUCTS,12399178702.0,292449.51,3.86,0.74,0.28,1.46,3.65,0.03,
2022-09-30,RELIANCE,Reliance Industries Ltd.,REFINERIES/MARKETING,67653559330.0,820402.58,10.84,1.11,0.48,1.41,-9.86,0.01,
2022-09-30,ICICIBANK,ICICI Bank Ltd.,PRIVATE SECTOR BANK,13934848622.0,600591.98,7.94,1.04,0.5,1.3,-2.85,0.02,
2022-09-30,WIPRO,Wipro Ltd.,COMPUTERS - SOFTWARE,10970932656.0,58391.42,0.77,1.03,0.44,1.03,-4.67,0.02,
2022-09-30,HINDUNILVR,Hindustan Unilever Ltd.,DIVERSIFIED,2349591262.0,240751.1,3.18,0.7,0.27,1.03,1.38,0.02,
2022-09-30,ADANIENT,Adani Enterprises Ltd.,TRADING - MINERALS/ MINING,1140001121.0,94549.41,1.25,1.45,0.47,2.17,8.18,0.02,
2022-09-30,ADANIPORTS,Adani Ports and Special Economic Zone Ltd.,PORT,4224746460.0,58939.65,0.78,1.41,0.5,2.37,-2.55,0.03,
2022-09-30,APOLLOHOSP,Apollo Hospitals Enterprise Ltd.,HOSPITAL,718923285.0,44748.86,0.59,0.9,0.19,2.07,1.4,0.02,
2022-09-30,ASIANPAINT,Asian Paints Ltd.,PAINTS,959197790.0,150685.32,1.99,0.78,0.24,1.73,-1.45,0.02,
2022-09-30,AXISBANK,Axis Bank Ltd.,PRIVATE SECTOR BANK,6143852518.0,193700.92,2.56,1.07,0.44,1.68,-2.44,0.02,
2022-09-30,BAJAJ-AUTO,Bajaj Auto Ltd.,MOTOR CYCLES/SCOOTERS,2848954940.0,45226.8,0.6,0.69,0.26,1.21,-13.64,0.03,
2022-09-30,BAJFINANCE,Bajaj Finance Ltd.,NBFC,1210858466.0,195416.21,2.58,1.44,0.56,1.68,0.4,0.02,
2022-09-30,BAJAJFINSV,Bajaj Finserv Ltd.,GENERAL INSURANCE,1592815460.0,101585.47,1.34,1.38,0.5,1.89,-1.05,0.04,
2022-09-30,BPCL,Bharat Petroleum Corporation Ltd.,REFINERIES/MARKETING,21692527440.0,29092.28,0.38,0.94,0.35,1.58,-7.26,0.02,
2022-09-30,BHARTIARTL,Bharti Airtel Ltd.,TELECOM - SERVICES,27816158250.0,195801.28,2.59,0.78,0.31,1.5,10.09,0.02,
2022-09-30,HDFC,Housing Development Finance Corporation Ltd.,HOUSING FINANCE,3627111418.0,414896.21,5.48,1.18,0.55,1.41,-6.49,0.02,
2022-09-30,BRITANNIA,Britannia Industries Ltd.,CONSUMER FOOD,240868296.0,45357.78,0.6,0.54,0.18,1.31,2.54,0.02,
2022-09-30,COALINDIA,Coal India Ltd.,INDUSTRIAL MINERALS,61627283270.0,44473.33,0.59,0.9,0.19,1.39,-9.6,0.03,
2022-09-30,DIVISLAB,Divi's Laboratories Ltd.,PHARMACEUTICALS,530937160.0,47213.48,0.62,0.73,0.19,0.92,2.16,0.02,
2022-09-30,DRREDDY,Dr. Reddy's Laboratories Ltd.,PHARMACEUTICALS,832242220.0,52681.95,0.7,0.56,0.18,1.21,2.14,0.02,
2022-09-30,EICHERMOT,Eicher Motors Ltd.,MOTOR CYCLES/SCOOTERS,273455720.0,51205.02,0.68,0.97,0.33,1.71,9.31,0.02,
2022-09-30,GRASIM,Grasim Industries Ltd.,CEMENT,1316630852.0,62847.04,0.83,1.17,0.48,1.33,-0.23,0.02,
2022-09-30,HCLTECH,HCL Technologies Ltd.,COMPUTERS - SOFTWARE,5427330192.0,98673.34,1.3,0.9,0.37,1.2,-0.7,0.02,
2022-09-30,HDFCBANK,HDFC Bank Ltd.,PRIVATE SECTOR BANK,5569959026.0,625432.04,8.27,1.04,0.54,1.29,-4.36,0.02,
2022-09-30,HDFCLIFE,HDFC Life Insurance Company Ltd.,LIFE INSURANCE,21490547510.0,50158.51,0.66,1.01,0.4,1.5,-7.78,0.02,
2022-09-30,HEROMOTOCO,Hero MotoCorp Ltd.,MOTOR CYCLES/SCOOTERS,399644466.0,33110.14,0.44,0.88,0.3,1.48,-10.17,0.02,
2022-09-30,HINDALCO,Hindalco Industries Ltd.,ALUMINIUM,2247175109.0,57046.23,0.75,1.3,0.31,2.78,-11.04,0.02,
2022-09-30,CIPLA,Cipla Ltd.,PHARMACEUTICALS,1614003206.0,60284.35,0.8,0.26,0.03,1.65,7.37,0.02,
2022-09-30,ULTRACEMCO,UltraTech Cement Ltd.,CEMENT,2886719330.0,72226.87,0.95,0.94,0.37,1.71,-6.33,0.03,
2023-03-31,ADANIENT,Adani Enterprises Ltd.,TRADING - MINERALS/ MINING,1140001121.0,47892.36,0.63,1.8,0.14,6.1,28.35,0.03,
2023-03-31,UPL,UPL Ltd.,PESTICIDES AND AGROCHEMICALS,1501215282.0,37168.48,0.49,1.1,0.34,1.28,3.38,0.02,
2023-03-31,ITC,ITC Ltd.,CIGARETTES & RELATED PRODUCTS,12420391452.0,338188.63,4.44,0.55,0.16,0.93,1.81,0.03,
2023-03-31,INDUSINDBK,IndusInd Bank Ltd.,PRIVATE SECTOR BANK,7758591580.0,69600.62,0.91,1.41,0.4,2.42,-0.9,0.02,
2023-03-31,INFY,Infosys Ltd.,COMPUTERS - SOFTWARE,20742800220.0,509458.52,6.68,1.22,0.47,1.25,-4.01,0.02,
2023-03-31,JSWSTEEL,JSW Steel Ltd.,STEEL,2417220440.0,64868.29,0.85,1.1,0.26,1.24,3.13,0.03,
2023-03-31,KOTAKBANK,Kotak Mahindra Bank Ltd.,PRIVATE SECTOR BANK,9932524185.0,254731.3,3.34,0.86,0.37,1.06,0.21,0.02,
2023-03-31,LT,Larsen & Toubro Ltd.,ENGINEERING-DESIGNING-CONSTRUCTION,2810872948.0,261581.52,3.43,1.01,0.43,1.0,2.61,0.02,
2023-03-31,M&M,Mahindra & Mahindra Ltd.,PASSENGER/UTILITY VEHICLES,6217644155.0,103743.13,1.36,1.0,0.32,1.37,-8.74,0.02,
2023-03-31,MARUTI,Maruti Suzuki India Ltd.,PASSENGER/UTILITY VEHICLES,1510400300.0,110215.3,1.45,0.73,0.24,1.04,-3.85,0.02,
2023-03-31,NTPC,NTPC Ltd.,POWER,96966661340.0,83196.43,1.09,0.55,0.11,1.01,2.7,0.03,
2023-03-31,ICICIBANK,ICICI Bank Ltd.,PRIVATE SECTOR BANK,13963693462.0,612482.5,8.04,0.99,0.52,1.19,2.62,0.02,
2023-03-31,NESTLEIND,Nestle India Ltd.,CONSUMER FOOD,964157160.0,70293.47,0.92,0.61,0.22,1.2,5.54,0.02,
2023-03-31,POWERGRID,Power Grid Corporation of India Ltd.,POWER - TRANSMISSION,69754528640.0,77143.63,1.01,0.47,0.08,1.1,1.55,0.03,
2023-03-31,RELIANCE,Reliance Industries Ltd.,REFINERIES/MARKETING,67654892760.0,788534.69,10.34,1.11,0.43,1.7,0.37,0.01,
2023-03-31,SBILIFE,SBI Life Insurance Company Ltd.,LIFE INSURANCE,10008787890.0,49593.04,0.65,0.94,0.3,1.27,-1.78,0.03,
2023-03-31,SBIN,State Bank of India,PUBLIC SECTOR BANK,8924611934.0,200993.42,2.64,1.13,0.45,1.83,0.18,0.02,
2023-03-31,SUNPHARMA,Sun Pharmaceutical Industries Ltd.,PHARMACEUTICALS,2399334970.0,106145.38,1.39,0.53,0.16,0.75,2.77,0.02,
2023-03-31,TCS,Tata Consultancy Services Ltd.,COMPUTERS - SOFTWARE,3659051373.0,328455.48,4.31,1.0,0.44,1.14,-3.23,0.02,
2023-03-31,TATACONSUM,Tata Consumer Products Ltd.,TEA &  COFFEE,929011650.0,42145.91,0.55,0.79,0.28,0.94,-0.9,0.02,
2023-03-31,TATAMOTORS,Tata Motors Ltd.,PASSENGER/UTILITY VEHICLES,6642688650.0,74073.95,0.97,1.26,0.35,1.66,0.02,0.02,
2023-03-31,TATASTEEL,Tata Steel Ltd.,STEEL,12221532630.0,84291.91,1.11,1.28,0.28,1.51,0.53,0.03,
2023-03-31,ONGC,Oil & Natural Gas Corporation Ltd.,OIL EXPLORATION,62901396030.0,58907.79,0.77,0.64,0.08,1.18,-0.66,0.03,
2023-03-31,TECHM,Tech Mahindra Ltd.,COMPUTERS - SOFTWARE,4870737375.0,68695.32,0.9,1.11,0.31,2.02,0.15,0.03,
2023-03-31,HDFC,Housing Development Finance Corporation Ltd.,HOUSING FINANCE,3660128386.0,475678.52,6.24,1.22,0.53,0.93,0.62,0.02,
2023-03-31,HINDALCO,Hindalco Industries Ltd.,ALUMINIUM,2247194585.0,59208.52,0.78,1.66,0.39,1.95,1.54,0.02,
2023-03-31,ADANIPORTS,Adani Ports and Special Economic Zone Ltd.,PORT,4320277890.0,47774.71,0.63,1.7,0.28,3.52,6.66,0.03,
2023-03-31,APOLLOHOSP,Apollo Hospitals Enterprise Ltd.,HOSPITAL,718923285.0,43388.89,0.57,0.78,0.17,0.81,-2.06,0.02,
2023-03-31,ASIANPAINT,Asian Paints Ltd.,PAINTS,959197790.0,124501.52,1.63,0.62,0.15,1.11,-2.37,0.02,
2023-03-31,AXISBANK,Axis Bank Ltd.,PRIVATE SECTOR BANK,6153080914.0,235067.69,3.08,0.99,0.34,1.31,1.71,0.02,
2023-03-31,BAJAJ-AUTO,Bajaj Auto Ltd.,MOTOR CYCLES/SCOOTERS,2829573580.0,43968.74,0.58,0.61,0.16,1.2,6.11,0.02,
2023-03-31,BAJFINANCE,Bajaj Finance Ltd.,NBFC,1210858466.0,149623.96,1.96,1.33,0.42,1.52,-8.1,0.02,
2023-03-31,BAJAJFINSV,Bajaj Finserv Ltd.,GENERAL INSURANCE,1592815460.0,68588.23,0.9,1.34,0.39,1.81,-5.12,0.03,
2023-03-31,BPCL,Bharat Petroleum Corporation Ltd.,REFINERIES/MARKETING,21692527440.0,32862.44,0.43,0.72,0.18,1.67,8.49,0.02,
2023-03-31,BHARTIARTL,Bharti Airtel Ltd.,TELECOM - SERVICES,27875673250.0,183734.14,2.41,0.75,0.27,1.19,0.91,0.02,
2023-03-31,HINDUNILVR,Hindustan Unilever Ltd.,DIVERSIFIED,2349591262.0,228599.49,3.0,0.65,0.18,1.11,4.05,0.02,
2023-03-31,BRITANNIA,Britannia Industries Ltd.,CONSUMER FOOD,240868296.0,51012.38,0.67,0.46,0.1,1.06,-3.13,0.02,
2023-03-31,COALINDIA,Coal India Ltd.,INDUSTRIAL MINERALS,61627283270.0,44766.67,0.59,0.86,0.19,1.1,-0.81,0.03,
2023-03-31,DIVISLAB,Divi's Laboratories Ltd.,PHARMACEUTICALS,530937160.0,35976.51,0.47,0.52,0.07,0.64,-0.08,0.03,
2023-03-31,DRREDDY,Dr. Reddy's Laboratories Ltd.,PHARMACEUTICALS,832634270.0,56196.28,0.74,0.49,0.12,0.71,7.09,0.01,
2023-03-31,EICHERMOT,Eicher Motors Ltd.,MOTOR CYCLES/SCOOTERS,273481570.0,40322.81,0.53,0.96,0.25,1.23,-5.06,0.02,
2023-03-31,GRASIM,Grasim Industries Ltd.,CEMENT,1316864252.0,60201.24,0.79,0.91,0.34,0.94,3.43,0.02,
2023-03-31,HCLTECH,HCL Technologies Ltd.,COMPUTERS - SOFTWARE,5427330192.0,114855.2,1.51,0.99,0.39,1.39,0.71,0.02,
2023-03-31,HDFCBANK,HDFC Bank Ltd.,PRIVATE SECTOR BANK,5579742786.0,709489.13,9.31,1.12,0.5,1.05,0.62,0.02,
2023-03-31,HDFCLIFE,HDFC Life Insurance Company Ltd.,LIFE INSURANCE,21493637650.0,49356.27,0.65,1.03,0.29,1.54,2.13,0.02,
2023-03-31,HEROMOTOCO,Hero MotoCorp Ltd.,MOTOR CYCLES/SCOOTERS,399679436.0,30491.09,0.4,0.73,0.2,1.21,-2.97,0.02,
2023-03-31,CIPLA,Cipla Ltd.,PHARMACEUTICALS,1614287860.0,47244.15,0.62,0.51,0.12,0.78,-0.65,0.02,
2023-03-31,TITAN,Titan Company Ltd.,"GEMS, JEWELLERY AND WATCHES",887786160.0,104936.59,1.38,1.0,0.32,1.04,5.99,0.02,
2023-03-31,ULTRACEMCO,UltraTech Cement Ltd.,CEMENT,2886825850.0,88015.28,1.15,0.84,0.28,1.02,4.97,0.02,
2023-03-31,WIPRO,Wipro Ltd.,COMPUTERS - SOFTWARE,10975835482.0,54120.47,0.71,1.11,0.49,1.0,-5.63,0.02,
2023-09-30,HINDUNILVR,Hindustan Unilever Ltd.,DIVERSIFIED,2349591262.0,220139.78,2.56,0.57,0.11,0.73,-1.57,0.01,
2023-09-30,HINDALCO,Hindalco Industries Ltd.,ALUMINIUM,2247216523.0,71960.93,0.84,1.46,0.24,1.98,7.13,0.02,
2023-09-30,HEROMOTOCO,Hero MotoCorp Ltd.,MOTOR CYCLES/SCOOTERS,399737956.0,39718.21,0.46,0.78,0.14,1.4,4.85,0.02,
2023-09-30,HDFCLIFE,HDFC Life Insurance Company Ltd.,LIFE INSURANCE,21499639940.0,68519.35,0.8,1.01,0.15,1.16,-1.14,0.02,
2023-09-30,HDFCBANK,HDFC Bank Ltd.,PRIVATE SECTOR BANK,7580137319.0,1145386.8,13.3,1.2,0.46,1.2,-2.87,0.01,
2023-09-30,HCLTECH,HCL Technologies Ltd.,COMPUTERS - SOFTWARE,5427330192.0,130682.51,1.52,1.02,0.25,1.21,5.34,0.02,
2023-09-30,GRASIM,Grasim Industries Ltd.,CEMENT,1316897582.0,71622.37,0.83,0.98,0.31,1.27,8.46,0.02,
2023-09-30,EICHERMOT,Eicher Motors Ltd.,MOTOR CYCLES/SCOOTERS,273749460.0,47180.04,0.55,0.89,0.14,1.12,3.31,0.02,
2023-09-30,DRREDDY,Dr. Reddy's Laboratories Ltd.,PHARMACEUTICALS,833923820.0,68023.33,0.79,0.42,0.05,1.35,-0.37,0.02,
2023-09-30,DIVISLAB,Divi's Laboratories Ltd.,PHARMACEUTICALS,530937160.0,47977.39,0.56,0.32,0.01,1.21,4.82,0.03,
2023-09-30,ADANIENT,Adani Enterprises Ltd.,TRADING - MINERALS/ MINING,1140001121.0,79803.61,0.93,2.55,0.12,1.44,-0.22,0.02,
2023-09-30,CIPLA,Cipla Ltd.,PHARMACEUTICALS,1614634956.0,62243.98,0.72,0.35,0.03,1.09,-5.68,0.02,
2023-09-30,BRITANNIA,Britannia Industries Ltd.,CONSUMER FOOD,240868296.0,53549.92,0.62,0.49,0.07,0.88,1.55,0.02,
2023-09-30,BHARTIARTL,Bharti Airtel Ltd.,TELECOM - SERVICES,28026723695.0,233675.61,2.71,0.67,0.16,1.05,8.17,0.02,
2023-09-30,BPCL,Bharat Petroleum Corporation Ltd.,REFINERIES/MARKETING,21692527440.0,33081.97,0.38,0.48,0.05,1.58,1.78,0.02,
2023-09-30,BAJAJFINSV,Bajaj Finserv Ltd.,GENERAL INSURANCE,1595488813.0,83553.36,0.97,1.19,0.28,1.02,3.45,0.03,
2023-09-30,BAJFINANCE,Bajaj Finance Ltd.,NBFC,1211837076.0,208237.84,2.42,1.11,0.23,1.23,9.04,0.01,
2023-09-30,BAJAJ-AUTO,Bajaj Auto Ltd.,MOTOR CYCLES/SCOOTERS,2829573580.0,57312.45,0.67,0.57,0.08,1.55,9.75,0.02,
2023-09-30,AXISBANK,Axis Bank Ltd.,PRIVATE SECTOR BANK,6162939698.0,287510.38,3.34,0.85,0.19,0.93,6.49,0.02,
2023-09-30,ASIANPAINT,Asian Paints Ltd.,PAINTS,959197790.0,142507.39,1.65,0.45,0.07,1.13,-2.92,0.02,
2023-09-30,APOLLOHOSP,Apollo Hospitals Enterprise Ltd.,HOSPITAL,718923285.0,51711.07,0.6,0.58,0.07,1.43,6.72,0.01,
2023-09-30,ICICIBANK,ICICI Bank Ltd.,PRIVATE SECTOR BANK,14005936808.0,666612.56,7.74,0.93,0.37,0.93,-0.71,0.02,
2023-09-30,COALINDIA,Coal India Ltd.,INDUSTRIAL MINERALS,61627283270.0,67311.78,0.78,0.76,0.11,2.25,28.32,0.03,
2023-09-30,ITC,ITC Ltd.,CIGARETTES & RELATED PRODUCTS,12470914522.0,393487.28,4.57,0.73,0.17,0.91,1.07,0.02,
2023-09-30,INFY,Infosys Ltd.,COMPUTERS - SOFTWARE,20751789260.0,512356.28,5.95,1.36,0.35,0.92,0.0,0.02,
2023-09-30,UPL,UPL Ltd.,PESTICIDES AND AGROCHEMICALS,1501215282.0,30991.65,0.36,1.1,0.26,1.41,4.25,0.02,
2023-09-30,TITAN,Titan Company Ltd.,"GEMS, JEWELLERY AND WATCHES",887786160.0,131386.67,1.53,0.6,0.11,1.15,1.43,0.02,
2023-09-30,TECHM,Tech Mahindra Ltd.,COMPUTERS - SOFTWARE,4877520525.0,76342.17,0.89,1.03,0.17,1.53,1.73,0.03,
2023-09-30,TATASTEEL,Tata Steel Ltd.,STEEL,12221532630.0,103973.47,1.21,1.2,0.26,1.5,4.88,0.03,
2023-09-30,TATAMOTORS,Tata Motors Ltd.,PASSENGER/UTILITY VEHICLES,6644634000.0,110967.38,1.29,0.99,0.17,1.21,4.86,0.02,
2023-09-30,TATACONSUM,Tata Consumer Products Ltd.,TEA &  COFFEE,929011650.0,52952.27,0.61,0.87,0.22,1.47,5.1,0.02,
2023-09-30,TCS,Tata Consultancy Services Ltd.,COMPUTERS - SOFTWARE,3659051373.0,361517.2,4.2,1.0,0.32,0.88,5.12,0.02,
2023-09-30,SUNPHARMA,Sun Pharmaceutical Industries Ltd.,PHARMACEUTICALS,2399334970.0,125099.53,1.45,0.37,0.06,0.91,4.23,0.02,
2023-09-30,SBIN,State Bank of India,PUBLIC SECTOR BANK,8924611934.0,229698.54,2.67,1.25,0.34,1.01,6.63,0.02,
2023-09-30,SBILIFE,SBI Life Insurance Company Ltd.,LIFE INSURANCE,10010400420.0,58804.1,0.68,1.01,0.25,1.19,0.99,0.03,
2023-09-30,RELIANCE,Reliance Industries Ltd.,REFINERIES/MARKETING,67656234570.0,793269.35,9.21,0.0,0.0,0.85,-2.58,0.01,
2023-09-30,POWERGRID,Power Grid Corporation of India Ltd.,POWER - TRANSMISSION,93006038190.0,91031.99,1.06,0.51,0.05,1.56,8.91,0.04,
2023-09-30,ONGC,Oil & Natural Gas Corporation Ltd.,OIL EXPLORATION,62901396030.0,74819.32,0.87,0.6,0.09,1.35,10.16,0.02,
2023-09-30,NESTLEIND,Nestle India Ltd.,CONSUMER FOOD,964157160.0,80290.7,0.93,0.56,0.12,0.81,2.37,0.02,
2023-09-30,NTPC,NTPC Ltd.,POWER,96966661340.0,116669.8,1.35,0.69,0.12,1.79,11.46,0.03,
2023-09-30,MARUTI,Maruti Suzuki India Ltd.,PASSENGER/UTILITY VEHICLES,1510400300.0,141031.03,1.64,0.64,0.15,1.19,6.07,0.02,
2023-09-30,M&M,Mahindra & Mahindra Ltd.,PASSENGER/UTILITY VEHICLES,6217644155.0,139158.34,1.62,1.02,0.21,1.43,-1.34,0.02,
2023-09-30,LT,Larsen & Toubro Ltd.,ENGINEERING-DESIGNING-CONSTRUCTION,2811297434.0,365504.23,4.24,0.85,0.2,1.2,11.87,0.03,
2023-09-30,LTIM,LTIMindtree Ltd.,COMPUTERS - SOFTWARE,295913763.0,47791.66,0.55,1.21,0.23,1.18,0.32,0.03,
2023-09-30,KOTAKBANK,Kotak Mahindra Bank Ltd.,PRIVATE SECTOR BANK,9937255425.0,255271.79,2.96,0.81,0.23,0.87,-1.31,0.01,
2023-09-30,JSWSTEEL,JSW Steel Ltd.,STEEL,2445453966.0,72446.08,0.84,1.14,0.26,1.22,-0.01,0.02,
2023-09-30,INDUSINDBK,IndusInd Bank Ltd.,PRIVATE SECTOR BANK,7769477670.0,93251.91,1.08,1.36,0.28,1.43,3.68,0.02,
2023-09-30,ADANIPORTS,Adani Ports and Special Economic Zone Ltd.,PORT,4320277890.0,65950.23,0.77,1.97,0.2,1.89,4.16,0.03,
2023-09-30,WIPRO,Wipro Ltd.,COMPUTERS - SOFTWARE,10443499852.0,57247.87,0.66,1.11,0.36,1.47,-0.58,0.02,
2023-09-30,ULTRACEMCO,UltraTech Cement Ltd.,CEMENT,2886863450.0,95322.5,1.11,0.74,0.18,1.34,-0.51,0.02,
2024-03-31,INFY,Infosys Ltd.,COMPUTERS - SOFTWARE,20753570950.0,534746.06,5.44,1.2,0.23,1.29,-10.51,0.02,
2024-03-31,JSWSTEEL,JSW Steel Ltd.,STEEL,2445453966.0,79178.42,0.8,1.23,0.34,1.84,3.76,0.03,
2024-03-31,KOTAKBANK,Kotak Mahindra Bank Ltd.,PRIVATE SECTOR BANK,9939474770.0,262654.6,2.67,1.02,0.31,0.98,5.69,0.02,
2024-03-31,LTIM,LTIMindtree Ltd.,COMPUTERS - SOFTWARE,296163369.0,45339.77,0.46,1.09,0.17,1.11,-6.84,0.03,
2024-03-31,LT,Larsen & Toubro Ltd.,ENGINEERING-DESIGNING-CONSTRUCTION,2749259316.0,444961.3,4.52,1.05,0.24,1.57,8.23,0.02,
2024-03-31,M&M,Mahindra & Mahindra Ltd.,PASSENGER/UTILITY VEHICLES,6217644155.0,183972.57,1.87,1.12,0.19,2.0,-0.57,0.02,
2024-03-31,MARUTI,Maruti Suzuki India Ltd.,PASSENGER/UTILITY VEHICLES,1572012870.0,166386.46,1.69,0.74,0.16,1.39,11.62,0.02,
2024-03-31,NTPC,NTPC Ltd.,POWER,96966661340.0,159550.88,1.62,1.23,0.24,2.16,0.06,0.03,
2024-03-31,NESTLEIND,Nestle India Ltd.,CONSUMER FOOD,964157160.0,93549.23,0.95,0.48,0.07,1.33,1.01,0.03,
2024-03-31,ONGC,Oil & Natural Gas Corporation Ltd.,OIL EXPLORATION,62901396030.0,104536.46,1.06,1.21,0.21,2.03,1.3,0.02,
2024-03-31,POWERGRID,Power Grid Corporation of India Ltd.,POWER - TRANSMISSION,93006038190.0,126191.52,1.28,0.9,0.12,2.33,-2.1,0.03,
2024-03-31,RELIANCE,Reliance Industries Ltd.,REFINERIES/MARKETING,67656904280.0,1005280.11,10.22,1.2,0.43,1.41,1.71,0.02,
2024-03-31,SBILIFE,SBI Life Insurance Company Ltd.,LIFE INSURANCE,10013767540.0,67604.2,0.69,0.93,0.2,1.3,-3.37,0.04,
2024-03-31,SHRIRAMFIN,Shriram Finance Ltd.,NBFC,3757928100.0,65622.89,0.67,0.94,0.09,1.69,-3.23,0.0,
2024-03-31,SBIN,State Bank of India,PUBLIC SECTOR BANK,8924611934.0,288720.57,2.93,1.07,0.26,1.38,0.57,0.02,
2024-03-31,SUNPHARMA,Sun Pharmaceutical Industries Ltd.,PHARMACEUTICALS,2399334970.0,174970.9,1.78,0.51,0.08,1.21,2.7,0.02,
2024-03-31,TCS,Tata Consultancy Services Ltd.,COMPUTERS - SOFTWARE,3618087518.0,392694.19,3.99,0.84,0.18,1.38,-5.34,0.02,
2024-03-31,TATACONSUM,Tata Consumer Products Ltd.,TEA &  COFFEE,952834816.0,68936.84,0.7,0.86,0.17,1.81,-7.89,0.03,
2024-03-31,TATAMOTORS,Tata Motors Ltd.,PASSENGER/UTILITY VEHICLES,6646503266.0,174864.18,1.78,1.09,0.2,2.01,4.48,0.02,
2024-03-31,TATASTEEL,Tata Steel Ltd.,STEEL,12483527171.0,128406.81,1.31,1.47,0.36,2.87,10.65,0.03,
2024-03-31,TECHM,Tech Mahindra Ltd.,COMPUTERS - SOFTWARE,4882835570.0,79225.47,0.81,1.23,0.26,0.9,-2.02,0.03,
2024-03-31,INDUSINDBK,IndusInd Bank Ltd.,PRIVATE SECTOR BANK,7782848090.0,102737.49,1.04,1.15,0.23,1.58,5.3,0.03,
2024-03-31,ITC,ITC Ltd.,CIGARETTES & RELATED PRODUCTS,12481470212.0,379597.08,3.86,0.7,0.15,1.38,5.43,0.03,
2024-03-31,ULTRACEMCO,UltraTech Cement Ltd.,CEMENT,2886902440.0,112579.38,1.14,0.95,0.25,1.12,-1.45,0.02,
2024-03-31,HINDUNILVR,Hindustan Unilever Ltd.,DIVERSIFIED,2349591262.0,202171.29,2.05,0.63,0.17,0.94,-6.13,0.02,
2024-03-31,ADANIENT,Adani Enterprises Ltd.,TRADING - MINERALS/ MINING,1140001121.0,83828.04,0.85,1.64,0.14,2.46,-2.69,0.02,
2024-03-31,ADANIPORTS,Adani Ports and Special Economic Zone Ltd.,PORT,4320277890.0,98551.8,1.0,1.44,0.19,2.27,1.62,0.03,
2024-03-31,APOLLOHOSP,Apollo Hospitals Enterprise Ltd.,HOSPITAL,718923285.0,63980.72,0.65,0.73,0.1,1.45,4.18,0.02,
2024-03-31,ASIANPAINT,Asian Paints Ltd.,PAINTS,959197790.0,128338.03,1.3,0.65,0.16,0.72,0.88,0.02,
2024-03-31,AXISBANK,Axis Bank Ltd.,PRIVATE SECTOR BANK,6171986594.0,297312.0,3.02,0.88,0.19,1.22,-2.6,0.02,
2024-03-31,BAJAJ-AUTO,Bajaj Auto Ltd.,MOTOR CYCLES/SCOOTERS,2831797560.0,103622.84,1.05,0.64,0.08,1.58,15.66,0.02,
2024-03-31,BAJFINANCE,Bajaj Finance Ltd.,NBFC,1237992640.0,201815.24,2.05,0.89,0.15,1.48,11.55,0.02,
2024-03-31,BAJAJFINSV,Bajaj Finserv Ltd.,GENERAL INSURANCE,1595488813.0,89173.31,0.91,0.84,0.17,1.52,3.14,0.03,
2024-03-31,BPCL,Bharat Petroleum Corporation Ltd.,REFINERIES/MARKETING,21692527440.0,57497.35,0.58,1.21,0.16,2.27,-0.24,0.08,
2024-03-31,BHARTIARTL,Bharti Airtel Ltd.,TELECOM - SERVICES,28275435385.0,319600.64,3.25,0.64,0.13,1.38,9.37,0.03,
2024-03-31,TITAN,Titan Company Ltd.,"GEMS, JEWELLERY AND WATCHES",887786160.0,158633.71,1.61,0.75,0.18,1.48,4.89,0.02,
2024-03-31,BRITANNIA,Britannia Industries Ltd.,CONSUMER FOOD,240868296.0,57965.26,0.59,0.56,0.1,1.22,-1.09,0.02,
2024-03-31,COALINDIA,Coal India Ltd.,INDUSTRIAL MINERALS,61627283270.0,98983.89,1.01,1.29,0.19,2.22,-0.6,0.04,
2024-03-31,DIVISLAB,Divi's Laboratories Ltd.,PHARMACEUTICALS,530937160.0,43901.71,0.45,0.74,0.09,1.25,-1.25,0.03,
2024-03-31,DRREDDY,Dr. Reddy's Laboratories Ltd.,PHARMACEUTICALS,834091330.0,74989.26,0.76,0.48,0.05,1.42,-4.15,0.02,
2024-03-31,EICHERMOT,Eicher Motors Ltd.,MOTOR CYCLES/SCOOTERS,273805630.0,55025.35,0.56,0.95,0.14,1.63,5.98,0.02,
2024-03-31,GRASIM,Grasim Industries Ltd.,CEMENT,1316958452.0,84343.81,0.86,1.11,0.31,1.5,4.38,0.02,
2024-03-31,HCLTECH,HCL Technologies Ltd.,COMPUTERS - SOFTWARE,5427330192.0,163358.43,1.66,0.92,0.17,1.26,-7.23,0.02,
2024-03-31,HDFCBANK,HDFC Bank Ltd.,PRIVATE SECTOR BANK,7596624375.0,1088916.09,11.07,1.24,0.41,0.92,3.17,0.02,
2024-03-31,HDFCLIFE,HDFC Life Insurance Company Ltd.,LIFE INSURANCE,21508620690.0,66750.18,0.68,0.69,0.08,1.11,8.82,0.02,
2024-03-31,HEROMOTOCO,Hero MotoCorp Ltd.,MOTOR CYCLES/SCOOTERS,399843482.0,61365.88,0.62,0.91,0.13,1.8,6.68,0.02,
2024-03-31,HINDALCO,Hindalco Industries Ltd.,ALUMINIUM,2247216523.0,81835.2,0.83,1.3,0.21,1.69,11.19,0.02,
2024-03-31,CIPLA,Cipla Ltd.,PHARMACEUTICALS,1614730808.0,78558.07,0.8,0.22,0.01,1.53,1.12,0.02,
2024-03-31,ICICIBANK,ICICI Bank Ltd.,PRIVATE SECTOR BANK,14042931430.0,767656.85,7.8,0.82,0.28,0.9,3.91,0.03,
2024-03-31,WIPRO,Wipro Ltd.,COMPUTERS - SOFTWARE,10449985326.0,67730.01,0.69,1.26,0.29,1.39,-7.42,0.03,
2024-09-30,WIPRO,Wipro Ltd.,COMPUTERS - SOFTWARE,10462585398.0,,0.6605164,1.06,0.26,1.68,0.57,0.03,76446.74508786
2024-09-30,HINDUNILVR,Hindustan Unilever Ltd.,DIVERSIFIED,2349591262.0,,2.27273754,0.22,0.03,1.34,6.49,0.02,263041.7469272
2024-09-30,HINDALCO,Hindalco Industries Ltd.,ALUMINIUM,2247216523.0,,0.94939132,1.13,0.25,1.73,7.82,0.02,109880.50608179
2024-09-30,HEROMOTOCO,Hero MotoCorp Ltd.,MOTOR CYCLES/SCOOTERS,399960236.0,,0.63886358,0.59,0.09,1.63,4.71,0.02,73940.69505672
2024-09-30,HDFCLIFE,HDFC Life Insurance Company Ltd.,LIFE INSURANCE,21522212070.0,,0.6611312,0.61,0.12,1.53,-2.8,0.02,76517.90034159
2024-09-30,HDFCBANK,HDFC Bank Ltd.,PRIVATE SECTOR BANK,7628644396.0,,11.33610129,0.99,0.39,0.85,5.81,0.01,1312015.94304746
2024-09-30,HCLTECH,HCL Technologies Ltd.,COMPUTERS - SOFTWARE,5427330192.0,,1.63675414,0.69,0.16,1.34,2.44,0.02,189434.3982211
2024-09-30,GRASIM,Grasim Industries Ltd.,CEMENT,1316958452.0,,0.8974386,0.97,0.32,1.42,3.58,0.02,103867.61046262
2024-09-30,EICHERMOT,Eicher Motors Ltd.,MOTOR CYCLES/SCOOTERS,274060710.0,,0.59648282,0.85,0.21,1.18,1.33,0.02,69035.63615689
2024-09-30,DRREDDY,Dr. Reddy's Laboratories Ltd.,PHARMACEUTICALS,834349410.0,,0.71043027,0.41,0.08,0.85,-3.98,0.01,82223.66927798
2024-09-30,COALINDIA,Coal India Ltd.,INDUSTRIAL MINERALS,61627283270.0,,0.99841695,1.55,0.36,1.51,-2.82,0.03,115554.62728798
2024-09-30,CIPLA,Cipla Ltd.,PHARMACEUTICALS,1615119840.0,,0.78426019,0.29,0.03,1.12,-0.05,0.02,90768.58516381
2024-09-30,BRITANNIA,Britannia Industries Ltd.,CONSUMER FOOD,240868296.0,,0.64454744,0.27,0.04,0.78,8.25,0.02,74598.53178131
2024-09-30,BHARTIARTL,Bharti Airtel Ltd.,TELECOM - SERVICES,28465772430.0,,3.95360294,0.89,0.29,1.51,7.58,0.02,457581.48698654
2024-09-30,BPCL,Bharat Petroleum Corporation Ltd.,REFINERIES/MARKETING,43385054880.0,,0.61785934,1.39,0.28,1.95,3.44,0.02,71509.70879584
2024-09-30,BEL,Bharat Electronics Ltd.,DEFENSE,7309778829.0,,0.87984323,1.73,0.38,1.73,-4.74,0.02,101831.1604031
2024-09-30,BAJAJFINSV,Bajaj Finserv Ltd.,GENERAL INSURANCE,1596662097.0,,0.92986195,0.99,0.36,1.44,10.68,0.03,107620.2193754
2024-09-30,BAJFINANCE,Bajaj Finance Ltd.,NBFC,1237992640.0,,1.85931228,1.05,0.31,1.58,6.98,0.02,215192.79830106
2024-09-30,BAJAJ-AUTO,Bajaj Auto Ltd.,MOTOR CYCLES/SCOOTERS,2792576080.0,,1.18168603,0.55,0.09,1.6,13.35,0.02,136765.79545529
2024-09-30,AXISBANK,Axis Bank Ltd.,PRIVATE SECTOR BANK,6186123048.0,,3.03016785,1.12,0.38,1.2,4.85,0.02,350705.09944863
2024-09-30,ASIANPAINT,Asian Paints Ltd.,PAINTS,959197790.0,,1.2993968,0.5,0.14,0.94,6.47,0.02,150389.38686813
2024-09-30,APOLLOHOSP,Apollo Hospitals Enterprise Ltd.,HOSPITAL,718923285.0,,0.62890387,0.53,0.11,0.76,3.92,0.01,72787.97891385
2024-09-30,ICICIBANK,ICICI Bank Ltd.,PRIVATE SECTOR BANK,14091369608.0,,7.73821544,1.01,0.45,1.42,3.56,0.02,895604.38483155
2024-09-30,ITC,ITC Ltd.,CIGARETTES & RELATED PRODUCTS,12507598702.0,,4.1586826,0.65,0.22,0.92,3.24,0.02,481316.96547833
2024-09-30,INDUSINDBK,IndusInd Bank Ltd.,PRIVATE SECTOR BANK,7789930880.0,,0.82499871,1.19,0.41,0.95,1.57,0.02,95483.57358827
2024-09-30,INFY,Infosys Ltd.,COMPUTERS - SOFTWARE,20760673405.0,,5.82431667,0.8,0.23,1.08,-3.5,0.02,674093.86482862
2024-09-30,ULTRACEMCO,UltraTech Cement Ltd.,CEMENT,2886973180.0,,1.16225443,1.12,0.44,1.01,4.42,0.02,134516.82361356
2024-09-30,TRENT,Trent Ltd.,SPECIALITY RETAIL,355487461.0,,1.45194324,0.84,0.1,1.32,5.81,0.01,168044.78295617
2024-09-30,TITAN,Titan Company Ltd.,"GEMS, JEWELLERY AND WATCHES",887786160.0,,1.36515749,0.69,0.17,1.06,7.26,0.02,158000.38753906
2024-09-30,TECHM,Tech Mahindra Ltd.,COMPUTERS - SOFTWARE,4891061850.0,,0.86353132,0.89,0.23,1.42,-3.62,0.03,99943.25458646
2024-09-30,TATASTEEL,Tata Steel Ltd.,STEEL,12483527171.0,,1.20517421,1.51,0.48,1.37,10.34,0.02,139484.26684217
2024-09-30,TATAMOTORS,Tata Motors Ltd.,PASSENGER/UTILITY VEHICLES,7361768240.0,,1.78490849,1.08,0.26,1.62,-12.3,0.02,206581.46301546
2024-09-30,TATACONSUM,Tata Consumer Products Ltd.,TEA &  COFFEE,989403547.0,,0.67178961,0.49,0.09,1.02,-0.27,0.02,77751.48247326
2024-09-30,TCS,Tata Consultancy Services Ltd.,COMPUTERS - SOFTWARE,3618087518.0,,3.76428108,0.6,0.15,0.91,-6.26,0.02,435669.78335615
2024-09-30,SUNPHARMA,Sun Pharmaceutical Industries Ltd.,PHARMACEUTICALS,2399334970.0,,1.79457318,0.46,0.11,0.91,5.77,0.02,207700.03359404
2024-09-30,SBIN,State Bank of India,PUBLIC SECTOR BANK,8924612434.0,,2.61548464,1.49,0.49,1.48,-3.4,0.02,302710.55796575
2024-09-30,ADANIENT,Adani Enterprises Ltd.,TRADING - MINERALS/ MINING,1140001121.0,,0.63674007,2.04,0.45,0.98,3.86,0.02,73694.9244409
2024-09-30,SHRIRAMFIN,Shriram Finance Ltd.,NBFC,3759892640.0,,0.86255098,1.56,0.37,1.66,11.62,0.02,99829.79248227
2024-09-30,RELIANCE,Reliance Industries Ltd.,REFINERIES/MARKETING,67658171140.0,,8.64030836,1.16,0.53,1.13,-2.19,0.01,1000010.67586728
2024-09-30,POWERGRID,Power Grid Corporation of India Ltd.,POWER - TRANSMISSION,93006038190.0,,1.37920639,1.28,0.33,1.4,4.58,0.03,159626.37620832
2024-09-30,ONGC,Oil & Natural Gas Corporation Ltd.,OIL EXPLORATION,62901396030.0,,0.99614135,1.78,0.42,1.69,-10.02,0.02,115291.25422353
2024-09-30,NESTLEIND,Nestle India Ltd.,CONSUMER FOOD,964157160.0,,0.83144116,0.32,0.05,1.07,7.57,0.03,96229.20927024
2024-09-30,NTPC,NTPC Ltd.,POWER,96966661340.0,,1.81085437,1.55,0.44,1.53,6.49,0.03,209584.38412744
2024-09-30,MARUTI,Maruti Suzuki India Ltd.,PASSENGER/UTILITY VEHICLES,1572012870.0,,1.50319233,0.79,0.24,1.3,6.73,0.02,173976.24230942
2024-09-30,M&M,Mahindra & Mahindra Ltd.,PASSENGER/UTILITY VEHICLES,6217644155.0,,2.37931475,1.22,0.3,1.87,10.32,0.02,275376.76396533
2024-09-30,LT,Larsen & Toubro Ltd.,ENGINEERING-DESIGNING-CONSTRUCTION,2749989800.0,,3.73330366,1.42,0.5,1.2,-0.79,0.02,432084.52331515
2024-09-30,KOTAKBANK,Kotak Mahindra Bank Ltd.,PRIVATE SECTOR BANK,9940600060.0,,2.34882256,0.85,0.26,1.02,4.11,0.02,271847.66326112
2024-09-30,JSWSTEEL,JSW Steel Ltd.,STEEL,2445453966.0,,0.85238994,1.34,0.47,1.38,9.45,0.03,98653.775738
2024-09-30,SBILIFE,SBI Life Insurance Company Ltd.,LIFE INSURANCE,10019239540.0,,0.71164478,0.79,0.2,1.54,-0.34,0.03,82364.23390336
2024-09-30,ADANIPORTS,Adani Ports and Special Economic Zone Ltd.,PORT,4320277890.0,,0.92107213,2.08,0.48,1.24,-2.27,0.03,106602.90394037
2025-03-31,WIPRO,Wipro Ltd.,COMPUTERS - SOFTWARE,20943711336.0,,0.7,1.06,0.26,1.71,-5.55,0.02,74287.0
2025-03-31,ULTRACEMCO,UltraTech Cement Ltd.,CEMENT,2946774100.0,,1.26,1.17,0.43,1.08,13.64,0.02,133541.71
2025-03-31,HINDUNILVR,Hindustan Unilever Ltd.,DIVERSIFIED,2349591262.0,,1.88,0.26,0.03,1.08,3.13,0.02,199930.38
2025-03-31,HINDALCO,Hindalco Industries Ltd.,ALUMINIUM,2247226523.0,,0.93,1.11,0.28,1.44,7.58,0.02,98538.9
2025-03-31,HEROMOTOCO,Hero MotoCorp Ltd.,MOTOR CYCLES/SCOOTERS,400021672.0,,0.45,0.69,0.15,1.72,1.14,0.02,48196.27
2025-03-31,HDFCLIFE,HDFC Life Insurance Company Ltd.,LIFE INSURANCE,21528932870.0,,0.69,0.72,0.18,1.25,12.69,0.02,73210.67
2025-03-31,HDFCBANK,HDFC Bank Ltd.,PRIVATE SECTOR BANK,7651920290.0,,13.07,0.89,0.38,0.91,5.53,0.02,1387001.04
2025-03-31,HCLTECH,HCL Technologies Ltd.,COMPUTERS - SOFTWARE,5427330192.0,,1.59,0.69,0.17,1.38,1.11,0.02,168457.71
2025-03-31,GRASIM,Grasim Industries Ltd.,CEMENT,1360876778.0,,0.94,1.0,0.36,1.07,13.2,0.02,99951.89
2025-03-31,ZOMATO,Eternal Ltd.,E-RETAIL/ E-COMMERCE,9650350647.0,,1.32,0.95,0.1,2.77,-9.19,0.02,139748.98
2025-03-31,EICHERMOT,Eicher Motors Ltd.,MOTOR CYCLES/SCOOTERS,274164080.0,,0.69,0.97,0.27,1.53,12.03,0.02,73294.46
2025-03-31,COALINDIA,Coal India Ltd.,INDUSTRIAL MINERALS,61627283270.0,,0.85,1.36,0.4,1.48,7.81,0.03,90199.9
2025-03-31,CIPLA,Cipla Ltd.,PHARMACEUTICALS,1615229882.0,,0.76,0.49,0.08,1.33,2.47,0.02,80913.83
2025-03-31,BHARTIARTL,Bharti Airtel Ltd.,TELECOM - SERVICES,28510526595.0,,4.37,0.94,0.32,1.34,10.39,0.02,463766.56
2025-03-31,BEL,Bharat Electronics Ltd.,DEFENSE,7309778829.0,,1.01,1.84,0.43,1.61,22.36,0.02,107624.35
2025-03-31,BAJAJFINSV,Bajaj Finserv Ltd.,GENERAL INSURANCE,1596662097.0,,1.03,1.11,0.39,1.74,7.21,0.02,108913.38
2025-03-31,BAJFINANCE,Bajaj Finance Ltd.,NBFC,1239757304.0,,2.2,1.14,0.36,1.49,4.87,0.01,233295.42
2025-03-31,BAJAJ-AUTO,Bajaj Auto Ltd.,MOTOR CYCLES/SCOOTERS,2792576080.0,,0.82,0.8,0.17,1.81,-0.3,0.02,87140.06
2025-03-31,AXISBANK,Axis Bank Ltd.,PRIVATE SECTOR BANK,6193408822.0,,2.96,1.11,0.41,1.25,8.51,0.02,314046.03
2025-03-31,ASIANPAINT,Asian Paints Ltd.,PAINTS,959197790.0,,1.0,0.6,0.15,1.4,7.38,0.02,105588.33
2025-03-31,APOLLOHOSP,Apollo Hospitals Enterprise Ltd.,HOSPITAL,718923285.0,,0.63,0.56,0.13,1.19,9.31,0.02,66660.63
2025-03-31,ADANIPORTS,Adani Ports and Special Economic Zone Ltd.,PORT,4320277890.0,,0.82,2.06,0.52,1.55,10.62,0.03,87060.57
2025-03-31,ADANIENT,Adani Enterprises Ltd.,TRADING - MINERALS/ MINING,1154180729.0,,0.57,1.95,0.36,1.55,10.49,0.02,60153.86
2025-03-31,ICICIBANK,ICICI Bank Ltd.,PRIVATE SECTOR BANK,14131839426.0,,8.95,0.99,0.47,1.01,11.98,0.02,949134.81
2025-03-31,ITC,ITC Ltd.,CIGARETTES & RELATED PRODUCTS,12514119782.0,,3.59,0.66,0.25,0.9,3.73,0.02,380387.81
2025-03-31,DRREDDY,Dr. Reddy's Laboratories Ltd.,PHARMACEUTICALS,834455365.0,,0.66,0.49,0.11,1.37,2.48,0.02,69607.75
2025-03-31,INFY,Infosys Ltd.,COMPUTERS - SOFTWARE,20763668865.0,,5.31,0.76,0.2,1.66,-6.94,0.02,563881.77
2025-03-31,INDUSINDBK,IndusInd Bank Ltd.,PRIVATE SECTOR BANK,7790544720.0,,0.4,0.63,0.21,6.42,-34.37,0.1,42679.65
2025-03-31,TITAN,Titan Company Ltd.,"GEMS, JEWELLERY AND WATCHES",887786160.0,,1.19,0.76,0.2,1.44,-0.45,0.02,126001.5
2025-03-31,TECHM,Tech Mahindra Ltd.,COMPUTERS - SOFTWARE,4894968560.0,,0.85,0.86,0.2,1.64,-4.68,0.03,89713.4
2025-03-31,TATASTEEL,Tata Steel Ltd.,STEEL,12483527171.0,,1.2,1.34,0.46,1.48,12.42,0.02,127196.03
2025-03-31,TATAMOTORS,Tata Motors Ltd.,PASSENGER/UTILITY VEHICLES,7362378430.0,,1.32,1.18,0.29,1.95,8.67,0.02,140368.08
2025-03-31,TATACONSUM,Tata Consumer Products Ltd.,TEA &  COFFEE,989494148.0,,0.61,0.62,0.12,1.02,3.96,0.02,65066.27
2025-03-31,TCS,Tata Consultancy Services Ltd.,COMPUTERS - SOFTWARE,3618087518.0,,3.46,0.66,0.19,1.05,3.53,0.02,367304.24
2025-03-31,SUNPHARMA,Sun Pharmaceutical Industries Ltd.,PHARMACEUTICALS,2399334970.0,,1.76,0.57,0.16,1.25,8.88,0.02,186520.28
2025-03-31,SBIN,State Bank of India,PUBLIC SECTOR BANK,8924620034.0,,2.79,1.45,0.52,1.28,12.01,0.02,295601.6
2025-03-31,SHRIRAMFIN,Shriram Finance Ltd.,NBFC,3760767760.0,,0.86,1.64,0.41,1.83,6.27,0.02,91565.93
2025-03-31,SBILIFE,SBI Life Insurance Company Ltd.,LIFE INSURANCE,10021169710.0,,0.65,0.76,0.19,1.48,8.2,0.03,69184.44
2025-03-31,TRENT,Trent Ltd.,SPECIALITY RETAIL,355487461.0,,1.11,1.08,0.16,2.01,9.76,0.02,118022.67
2025-03-31,JSWSTEEL,JSW Steel Ltd.,STEEL,2445453966.0,,0.95,1.2,0.43,1.01,11.83,0.03,100599.98
2025-03-31,POWERGRID,Power Grid Corporation of India Ltd.,POWER - TRANSMISSION,93006038190.0,,1.24,1.34,0.41,1.53,15.75,0.03,131237.67
2025-03-31,ONGC,Oil & Natural Gas Corporation Ltd.,OIL EXPLORATION,62901396030.0,,0.9,1.62,0.41,1.48,9.38,0.02,95438.84
2025-03-31,NESTLEIND,Nestle India Ltd.,CONSUMER FOOD,964157160.0,,0.76,0.42,0.09,1.23,2.79,0.03,80482.94
2025-03-31,NTPC,NTPC Ltd.,POWER,96966661340.0,,1.59,1.55,0.47,1.95,14.82,0.03,169103.36
2025-03-31,MARUTI,Maruti Suzuki India Ltd.,PASSENGER/UTILITY VEHICLES,1572012870.0,,1.42,0.83,0.26,0.92,-3.55,0.02,150812.19
2025-03-31,M&M,Mahindra & Mahindra Ltd.,PASSENGER/UTILITY VEHICLES,6217644155.0,,2.22,1.32,0.32,1.67,3.12,0.02,235587.38
2025-03-31,LT,Larsen & Toubro Ltd.,ENGINEERING-DESIGNING-CONSTRUCTION,2750350030.0,,3.85,1.42,0.5,1.16,10.38,0.02,408859.01
2025-03-31,KOTAKBANK,Kotak Mahindra Bank Ltd.,PRIVATE SECTOR BANK,9941114965.0,,3.0,0.88,0.23,1.42,14.1,0.01,318384.33
2025-03-31,JIOFIN,Jio Financial Services Ltd.,NBFC,63531416230.0,,0.7,1.35,0.34,2.2,9.59,0.03,74321.77
2025-03-31,RELIANCE,Reliance Industries Ltd.,REFINERIES/MARKETING,135000000000.0,,8.12,1.16,0.56,1.43,6.25,0.01,861581.36
2025-09-30,NESTLEIND,Nestle India Ltd.,CONSUMER FOOD,1928314320.0,,0.73,0.69,0.2,1.05,-0.29,0.03,82432.53
2025-09-30,NTPC,NTPC Ltd.,POWER,96966661340.0,,1.43,1.09,0.37,0.95,3.94,0.03,160963.35
2025-09-30,MAXHEALTH,Max Healthcare Institute Ltd.,HOSPITAL,9722364310.0,,0.73,0.99,0.14,1.25,-3.43,0.02,82627.96
2025-09-30,MARUTI,Maruti Suzuki India Ltd.,PASSENGER/UTILITY VEHICLES,1572012870.0,,1.86,0.84,0.24,1.15,8.37,0.02,209748.96
2025-09-30,JSWSTEEL,JSW Steel Ltd.,STEEL,2445453966.0,,0.95,1.15,0.38,1.05,11.31,0.03,106746.57
2025-09-30,LT,Larsen & Toubro Ltd.,ENGINEERING-DESIGNING-CONSTRUCTION,2751112006.0,,3.81,1.2,0.41,0.93,1.61,0.02,428507.59
2025-09-30,KOTAKBANK,Kotak Mahindra Bank Ltd.,PRIVATE SECTOR BANK,9942962565.0,,2.6,0.98,0.29,0.9,1.65,0.01,292236.09
2025-09-30,JIOFIN,Jio Financial Services Ltd.,NBFC,63531416230.0,,0.85,1.58,0.42,0.88,-5.94,0.03,95820.71
2025-09-30,ONGC,Oil & Natural Gas Corporation Ltd.,OIL EXPLORATION,62901396030.0,,0.82,1.07,0.31,0.78,2.48,0.02,92774.38
2025-09-30,M&M,Mahindra & Mahindra Ltd.,PASSENGER/UTILITY VEHICLES,6217644155.0,,2.69,1.36,0.35,2.23,7.11,0.01,302867.46
2025-09-30,POWERGRID,Power Grid Corporation of India Ltd.,POWER - TRANSMISSION,93006038190.0,,1.12,1.03,0.32,1.19,1.82,0.03,126589.87
2025-09-30,TCS,Tata Consultancy Services Ltd.,COMPUTERS - SOFTWARE,3618087518.0,,2.61,0.89,0.3,1.18,-6.36,0.02,294171.72
2025-09-30,SBILIFE,SBI Life Insurance Company Ltd.,LIFE INSURANCE,10024752260.0,,0.71,0.83,0.24,0.93,-0.83,0.03,80108.34
2025-09-30,SHRIRAMFIN,Shriram Finance Ltd.,NBFC,3762015766.0,,0.76,1.68,0.38,1.14,6.18,0.02,86024.21
2025-09-30,SBIN,State Bank of India,PUBLIC SECTOR BANK,9230617586.0,,3.21,0.99,0.38,0.92,8.72,0.02,360977.37
2025-09-30,SUNPHARMA,Sun Pharmaceutical Industries Ltd.,PHARMACEUTICALS,2399334970.0,,1.49,0.64,0.16,0.95,-0.01,0.02,167544.85
2025-09-30,TATACONSUM,Tata Consumer Products Ltd.,TEA &  COFFEE,989541732.0,,0.65,0.88,0.22,1.33,6.0,0.02,73345.86
2025-09-30,TATAMOTORS,Tata Motors Ltd.,PASSENGER/UTILITY VEHICLES,7365045324.0,,1.26,1.27,0.31,1.57,1.67,0.02,141687.95
2025-09-30,TATASTEEL,Tata Steel Ltd.,STEEL,12483527171.0,,1.24,1.35,0.39,1.51,9.25,0.02,139178.17
2025-09-30,TECHM,Tech Mahindra Ltd.,COMPUTERS - SOFTWARE,4897811515.0,,0.79,1.04,0.27,1.37,-5.47,0.02,88650.24
2025-09-30,TITAN,Titan Company Ltd.,"GEMS, JEWELLERY AND WATCHES",887786160.0,,1.23,0.83,0.24,0.91,-7.21,0.02,138556.68
2025-09-30,TRENT,Trent Ltd.,SPECIALITY RETAIL,355487461.0,,0.92,1.42,0.21,1.49,-11.71,0.02,103536.28
2025-09-30,RELIANCE,Reliance Industries Ltd.,REFINERIES/MARKETING,135324726340.0,,8.18,1.18,0.53,0.61,0.5,0.01,920814.08
2025-09-30,INDIGO,InterGlobe Aviation Ltd.,AIRLINES,3865638350.0,,1.08,0.63,0.21,1.04,-0.91,0.02,121877.25
2025-09-30,ADANIENT,Adani Enterprises Ltd.,TRADING - MINERALS/ MINING,1154180729.0,,0.58,1.64,0.26,1.72,11.64,0.02,65091.79
2025-09-30,ITC,ITC Ltd.,CIGARETTES & RELATED PRODUCTS,12526662922.0,,3.43,0.53,0.18,0.85,-2.0,0.02,385806.24
2025-09-30,ULTRACEMCO,UltraTech Cement Ltd.,CEMENT,2946791710.0,,1.29,0.98,0.32,0.94,-3.31,0.02,144680.78
2025-09-30,ADANIPORTS,Adani Ports and Special Economic Zone Ltd.,PORT,4320277890.0,,0.92,1.47,0.35,1.01,6.91,0.02,103292.5
2025-09-30,APOLLOHOSP,Apollo Hospitals Enterprise Ltd.,HOSPITAL,718923285.0,,0.66,0.76,0.19,0.84,-2.64,0.01,74646.89
2025-09-30,ASIANPAINT,Asian Paints Ltd.,PAINTS,959197790.0,,0.94,0.75,0.21,1.09,-6.69,0.01,105975.63
2025-09-30,AXISBANK,Axis Bank Ltd.,PRIVATE SECTOR BANK,6205359520.0,,2.87,1.06,0.37,1.03,8.27,0.02,323162.63
2025-09-30,BAJAJ-AUTO,Bajaj Auto Ltd.,MOTOR CYCLES/SCOOTERS,2792576080.0,,0.85,1.14,0.27,1.45,0.54,0.02,95927.24
2025-09-30,BAJFINANCE,Bajaj Finance Ltd.,NBFC,6222481865.0,,2.35,1.16,0.32,1.49,13.79,0.02,265031.04
2025-09-30,BAJAJFINSV,Bajaj Finserv Ltd.,GENERAL INSURANCE,1597813220.0,,1.01,1.18,0.38,0.99,4.85,0.02,114206.57
2025-09-30,BEL,Bharat Electronics Ltd.,DEFENSE,7309778829.0,,1.28,1.23,0.26,1.59,9.35,0.02,144281.35
2025-09-30,BHARTIARTL,Bharti Airtel Ltd.,TELECOM - SERVICES,28510526595.0,,4.53,0.91,0.32,0.75,-0.55,0.02,510541.57
2025-09-30,INFY,Infosys Ltd.,COMPUTERS - SOFTWARE,20771961015.0,,4.6,1.1,0.3,1.62,-1.89,0.02,517987.35
2025-09-30,CIPLA,Cipla Ltd.,PHARMACEUTICALS,1615508148.0,,0.75,0.73,0.17,0.99,-5.42,0.02,84318.94
2025-09-30,DRREDDY,Dr. Reddy's Laboratories Ltd.,PHARMACEUTICALS,834613760.0,,0.66,0.68,0.17,1.32,-2.89,0.02,74343.29
2025-09-30,EICHERMOT,Eicher Motors Ltd.,MOTOR CYCLES/SCOOTERS,274277990.0,,0.85,1.12,0.34,1.23,14.79,0.01,96128.64
2025-09-30,ETERNAL,Eternal Ltd.,E-RETAIL/ E-COMMERCE,9650350647.0,,2.01,1.3,0.18,1.39,3.68,0.02,226021.12
2025-09-30,GRASIM,Grasim Industries Ltd.,CEMENT,1361034062.0,,0.93,1.12,0.44,0.72,-0.67,0.02,105043.63
2025-09-30,HCLTECH,HCL Technologies Ltd.,COMPUTERS - SOFTWARE,5427330192.0,,1.3,1.07,0.29,1.21,-4.79,0.02,146338.87
2025-09-30,HDFCBANK,HDFC Bank Ltd.,PRIVATE SECTOR BANK,15360347948.0,,12.87,0.92,0.45,0.52,-0.06,0.02,1448428.51
2025-09-30,HDFCLIFE,HDFC Life Insurance Company Ltd.,LIFE INSURANCE,21554475820.0,,0.72,0.8,0.23,1.13,-2.02,0.01,80945.43
2025-09-30,HINDALCO,Hindalco Industries Ltd.,ALUMINIUM,2247226523.0,,0.98,1.26,0.34,1.02,8.24,0.02,110049.75
2025-09-30,HINDUNILVR,Hindustan Unilever Ltd.,DIVERSIFIED,2349591262.0,,1.98,0.45,0.09,0.81,-5.47,0.01,222528.38
2025-09-30,ICICIBANK,ICICI Bank Ltd.,PRIVATE SECTOR BANK,14286352056.0,,8.52,0.89,0.45,0.63,-3.56,0.02,959257.48
2025-09-30,COALINDIA,Coal India Ltd.,INDUSTRIAL MINERALS,61627283270.0,,0.78,0.91,0.31,0.84,4.04,0.03,88309.73
2025-09-30,WIPRO,Wipro Ltd.,COMPUTERS - SOFTWARE,20967373360.0,,0.6,1.08,0.27,1.37,-4.03,0.02,68106.79
