Annexure II-  Nifty 50 Index : Mar 2021,Unnamed: 1,Unnamed: 2,Unnamed: 3,Unnamed: 4,Unnamed: 5,Unnamed: 6,Unnamed: 7,Unnamed: 8,Unnamed: 9,Unnamed: 10,Unnamed: 11,Annexure II-  Nifty 50 Index : Mar 2022,Annexure II-  Nifty 50 Index : Mar 2023,Annexure II-  Nifty 50 Index : March 2024,Annexure II-  Nifty 50 Index : March 2025,Annexure II-  Nifty 50 Index : Sep 2021,Annexure II-  Nifty 50 Index : Sep 2022,Annexure II-  Nifty 50 Index : September 2023,Annexure II-  Nifty 50 Index : September 2024,Annexure II-  Nifty 50 Index : September 2025
,,,,,,,,,,,,,,,,,,,,
Sr. No,Security Symbol,Security Name,Industry,Equity Capital (In Rs.),Free Float Market Capitalisation (Rs. Crores),Weightage (%),Beta,R2,Volatility (%),Monthly Return,Avg. Impact Cost (%),,,,,,,,,
1,ADANIPORTS,Adani Ports and Special Economic Zone Ltd.,PORT,4063503522,51375.69,0.81,0.81,0.25,2.43,3.92,0.03,,,,,,,,,
2,ASIANPAINT,Asian Paints Ltd.,PAINTS,959197790,114391.82,1.80,0.67,0.24,1.98,11.43,0.02,,,,,,,,,
3,AXISBANK,Axis Bank Ltd.,PRIVATE SECTOR BANK,6126763828,175197.57,2.76,1.77,0.55,1.55,-3.77,0.03,,,,,,,,,
4,BAJAJ-AUTO,Bajaj Auto Ltd.,MOTOR CYCLES/SCOOTERS,2893670200,47796.78,0.75,0.85,0.33,1.82,-3.37,0.03,,,,,,,,,
5,BAJFINANCE,Bajaj Finance Ltd.,NBFC,1205174678,136542.31,2.15,1.47,0.43,1.69,-2.19,0.02,,,,,,,,,
6,BAJAJFINSV,Bajaj Finserv Ltd.,GENERAL INSURANCE,795687220,58468.18,0.92,1.32,0.44,1.99,0.21,0.03,,,,,,,,,
7,BPCL,Bharat Petroleum Corporation Ltd.,REFINERIES/MARKETING,21692527440,39918.26,0.63,0.99,0.29,1.99,-4.87,0.02,,,,,,,,,
8,BHARTIARTL,Bharti Airtel Ltd.,TELECOM - SERVICES,27460136340,125005.13,1.97,0.71,0.18,1.54,-7.01,0.03,,,,,,,,,
9,BRITANNIA,Britannia Industries Ltd.,CONSUMER FOOD,240868296,42784.82,0.67,0.49,0.18,1.38,7.77,0.02,,,,,,,,,
10,CIPLA,Cipla Ltd.,PHARMACEUTICALS,1612920892,41412.79,0.65,0.42,0.07,1.50,3.56,0.02,,,,,,,,,
11,COALINDIA,Coal India Ltd.,INDUSTRIAL MINERALS,61627283270,27312.60,0.43,0.81,0.29,1.59,-14.36,0.04,,,,,,,,,
12,DIVISLAB,Divi's Laboratories Ltd.,PHARMACEUTICALS,530937160,46163.50,0.73,0.62,0.17,1.74,7.72,0.02,,,,,,,,,
13,DRREDDY,Dr. Reddy's Laboratories Ltd.,PHARMACEUTICALS,831501845,54823.91,0.86,0.43,0.09,1.62,2.02,0.02,,,,,,,,,
14,EICHERMOT,Eicher Motors Ltd.,MOTOR CYCLES/SCOOTERS,273335922,36299.41,0.57,0.97,0.35,1.48,4.22,0.02,,,,,,,,,
15,GRASIM,Grasim Industries Ltd.,CEMENT,1315902008,55354.67,0.87,0.98,0.37,1.60,20.80,0.02,,,,,,,,,
16,HCLTECH,HCL Technologies Ltd.,COMPUTERS - SOFTWARE,5427330192,106663.32,1.68,0.83,0.28,1.87,8.05,0.02,,,,,,,,,
17,HDFCBANK,HDFC Bank Ltd.,PRIVATE SECTOR BANK,5512776482,650498.53,10.24,1.24,0.64,1.85,-2.66,0.02,,,,,,,,,
18,HDFCLIFE,HDFC Life Insurance Company Ltd.,LIFE INSURANCE,20209439660,57686.23,0.91,0.75,0.31,1.43,-0.64,0.02,,,,,,,,,
19,HEROMOTOCO,Hero MotoCorp Ltd.,MOTOR CYCLES/SCOOTERS,399560434,37835.18,0.60,0.90,0.28,1.78,-9.63,0.02,,,,,,,,,
20,HINDALCO,Hindalco Industries Ltd.,ALUMINIUM,2246684247,47731.37,0.75,1.50,0.44,2.23,-3.94,0.03,,,,,,,,,
21,HINDUNILVR,Hindustan Unilever Ltd.,DIVERSIFIED,2349564645,217092.72,3.42,0.52,0.18,1.78,14.05,0.02,,,,,,,,,
22,HDFC,Housing Development Finance Corporation Ltd.,HOUSING FINANCE,3602421566,449960.47,7.08,1.29,0.54,1.97,-1.63,0.02,,,,,,,,,
23,ICICIBANK,ICICI Bank Ltd.,PRIVATE SECTOR BANK,13830908690,402548.60,6.34,1.73,0.67,1.89,-2.62,0.03,,,,,,,,,
24,ITC,ITC Ltd.,CIGARETTES & RELATED PRODUCTS,12307869772,190938.14,3.01,0.48,0.12,1.49,7.19,0.03,,,,,,,,,
25,IOC,Indian Oil Corporation Ltd.,REFINERIES/MARKETING,94141589220,23346.64,0.37,0.84,0.34,1.78,-6.32,0.03,,,,,,,,,
26,INDUSINDBK,IndusInd Bank Ltd.,PRIVATE SECTOR BANK,7731551870,53869.47,0.85,1.78,0.40,1.95,-10.21,0.03,,,,,,,,,
27,INFY,Infosys Ltd.,COMPUTERS - SOFTWARE,21299439990,507013.36,7.98,0.82,0.32,1.68,9.16,0.02,,,,,,,,,
28,JSWSTEEL,JSW Steel Ltd.,STEEL,2417220440,45293.88,0.71,1.24,0.47,2.09,18.46,0.03,,,,,,,,,
29,KOTAKBANK,Kotak Mahindra Bank Ltd.,PRIVATE SECTOR BANK,9908108840,257059.94,4.05,1.16,0.45,1.61,-1.54,0.02,,,,,,,,,
30,LT,Larsen & Toubro Ltd.,ENGINEERING-DESIGNING-CONSTRUCTION,2808870286,171376.76,2.70,0.87,0.35,1.55,-1.64,0.03,,,,,,,,,
31,M&M,Mahindra & Mahindra Ltd.,PASSENGER/UTILITY VEHICLES,6215962720,76125.96,1.20,1.27,0.40,1.70,-1.38,0.02,,,,,,,,,
32,MARUTI,Maruti Suzuki India Ltd.,PASSENGER/UTILITY VEHICLES,1510400300,91169.21,1.44,1.15,0.45,1.49,-0.10,0.02,,,,,,,,,
33,NTPC,NTPC Ltd.,POWER,96966661340,50625.81,0.80,0.67,0.19,2.11,-0.70,0.04,,,,,,,,,
34,NESTLEIND,Nestle India Ltd.,CONSUMER FOOD,964157160,61234.82,0.96,0.51,0.17,1.35,6.61,0.02,,,,,,,,,
35,ONGC,Oil & Natural Gas Corporation Ltd.,OIL EXPLORATION,62901396030,37267.19,0.59,0.86,0.21,2.21,-7.97,0.03,,,,,,,,,
36,POWERGRID,Power Grid Corporation of India Ltd.,POWER - TRANSMISSION,52315896480,55281.42,0.87,0.62,0.20,2.31,0.63,0.03,,,,,,,,,
37,RELIANCE,Reliance Industries Ltd.,REFINERIES/MARKETING,63394419200,647625.34,10.19,0.93,0.34,1.82,-3.96,0.02,,,,,,,,,
38,SBILIFE,SBI Life Insurance Company Ltd.,LIFE INSURANCE,10000697480,34355.55,0.54,0.77,0.30,2.01,1.61,0.03,,,,,,,,,
39,SHREECEM,Shree Cement Ltd.,CEMENT,360807480,39335.95,0.62,0.93,0.36,2.15,11.18,0.03,,,,,,,,,
40,SBIN,State Bank of India,PUBLIC SECTOR BANK,8924611534,139803.15,2.20,1.30,0.48,1.66,-6.63,0.02,,,,,,,,,
41,SUNPHARMA,Sun Pharmaceutical Industries Ltd.,PHARMACEUTICALS,2399334970,64544.51,1.02,0.58,0.15,1.52,0.54,0.02,,,,,,,,,
42,TCS,Tata Consultancy Services Ltd.,COMPUTERS - SOFTWARE,3699051373,329140.85,5.18,0.75,0.32,1.39,9.80,0.02,,,,,,,,,
43,TATACONSUM,Tata Consumer Products Ltd.,TEA &  COFFEE,921551715,38270.66,0.60,0.67,0.21,1.54,4.88,0.03,,,,,,,,,
44,TATAMOTORS,Tata Motors Ltd.,PASSENGER/UTILITY VEHICLES,6640615530,54111.72,0.85,1.47,0.33,2.53,-6.55,0.03,,,,,,,,,
45,TATASTEEL,Tata Steel Ltd.,STEEL,11264895180,61274.21,0.96,1.13,0.37,3.05,13.52,0.02,,,,,,,,,
46,TECHM,Tech Mahindra Ltd.,COMPUTERS - SOFTWARE,4841300335,61438.81,0.97,0.76,0.24,1.82,7.90,0.03,,,,,,,,,
47,TITAN,Titan Company Ltd.,"GEMS, JEWELLERY AND WATCHES",887786160,65011.12,1.02,0.95,0.35,1.56,10.74,0.02,,,,,,,,,
48,UPL,UPL Ltd.,PESTICIDES AND AGROCHEMICALS,1528090912,35308.99,0.56,0.96,0.21,3.04,14.30,0.03,,,,,,,,,
49,ULTRACEMCO,UltraTech Cement Ltd.,CEMENT,2886414540,77794.07,1.22,0.88,0.38,1.89,10.19,0.03,,,,,,,,,
50,WIPRO,Wipro Ltd.,COMPUTERS - SOFTWARE,10958221110,61267.69,0.96,0.69,0.19,1.88,0.94,0.02,,,,,,,,,
,,,,,6352749.05,,,,,,0.02,,,,,,,,,
,,,,,,,,,,,,,,,,,,,,
* Beta & R2 are calculated for the period 01-Apr-2020 to 31-Mar-2021,,,,,,,,,,,,,,,,,,,,
,,,,,,,,,,,,,,,,,,,,
* Beta measures the  degree to which any portfolio of stocks is affected as compared to the effect,,,,,,,,,,,,,,,,,,,,
  on the market as a whole.,,,,,,,,,,,,,,,,,,,,
,,,,,,,,,,,,,,,,,,,,
* The coefficient of determination (R2) measures the strength of relationship between two variables,,,,,,,,,,,,,,,,,,,,
   the return on  a security versus that of the market.,,,,,,,,,,,,,,,,,,,,
,,,,,,,,,,,,,,,,,,,,
* Volatility is the Std. deviation of the daily returns for the period 01-Apr-2020 to 31-Mar-2021,,,,,,,,,,,,,,,,,,,,
,,,,,,,,,,,,,,,,,,,,
* Last day of trading was 31-Mar-2021,,,,,,,,,,,,,,,,,,,,
,,,,,,,,,,,,,,,,,,,,
* Impact Cost for Nifty 50 is for a portfolio of Rs. 50 Lakhs  ,,,,,,,,,,,,,,,,,,,,
,,,,,,,,,,,,,,,,,,,,
* Impact Cost for Nifty 50 is the weightage average impact cost,,,,,,,,,,,,,,,,,,,,
,,,,,,,,,,,,,,,,,,,,
,Security Symbol,Security Name,Industry,Equity Capital (In Rs.),Free Float Market Capitalisation (Rs. Crores),Weightage (%),Beta,R2,Volatility (%),Monthly Return,Avg. Impact Cost (%),Sr. No,,,,,,,,
,ADANIPORTS,Adani Ports and Special Economic Zone Ltd.,PORT,4224746460,55603.58,0.73,1.44,0.33,1.57,9.43,0.03,1,,,,,,,,
,APOLLOHOSP,Apollo Hospitals Enterprise Ltd.,HOSPITAL,718923285,46103.56,0.60,0.81,0.11,1.64,-5.97,0.02,2,,,,,,,,
,ASIANPAINT,Asian Paints Ltd.,PAINTS,959197790,138851.22,1.82,0.75,0.19,2.50,-2.98,0.02,3,,,,,,,,
,AXISBANK,Axis Bank Ltd.,PRIVATE SECTOR BANK,6139220726,200933.32,2.63,1.21,0.46,2.29,2.53,0.03,4,,,,,,,,
,BAJAJ-AUTO,Bajaj Auto Ltd.,MOTOR CYCLES/SCOOTERS,2893670200,47567.60,0.62,0.75,0.27,1.84,3.47,0.03,5,,,,,,,,
,BAJFINANCE,Bajaj Finance Ltd.,NBFC,1210858466,193396.98,2.53,1.51,0.50,2.32,3.68,0.02,6,,,,,,,,
,BAJAJFINSV,Bajaj Finserv Ltd.,GENERAL INSURANCE,795687220,103168.34,1.35,1.37,0.42,2.22,6.54,0.03,7,,,,,,,,
,BPCL,Bharat Petroleum Corporation Ltd.,REFINERIES/MARKETING,21692527440,34298.92,0.45,0.86,0.25,1.75,2.73,0.02,8,,,,,,,,
,BHARTIARTL,Bharti Airtel Ltd.,TELECOM - SERVICES,27460136340,178286.86,2.33,0.86,0.25,1.66,9.97,0.03,9,,,,,,,,
,BRITANNIA,Britannia Industries Ltd.,CONSUMER FOOD,240868296,37843.69,0.50,0.43,0.11,2.10,-6.45,0.02,10,,,,,,,,
,CIPLA,Cipla Ltd.,PHARMACEUTICALS,1613628072,52568.13,0.69,0.01,0.00,1.76,10.05,0.02,11,,,,,,,,
,COALINDIA,Coal India Ltd.,INDUSTRIAL MINERALS,61627283270,38354.97,0.50,0.83,0.13,3.07,7.96,0.03,12,,,,,,,,
,DIVISLAB,Divi's Laboratories Ltd.,PHARMACEUTICALS,530937160,56093.09,0.73,0.64,0.14,1.64,3.21,0.03,13,,,,,,,,
,DRREDDY,Dr. Reddy's Laboratories Ltd.,PHARMACEUTICALS,832129245,52185.80,0.68,0.41,0.07,2.29,5.71,0.02,14,,,,,,,,
,EICHERMOT,Eicher Motors Ltd.,MOTOR CYCLES/SCOOTERS,273423102,34263.92,0.45,1.03,0.34,2.15,-5.12,0.02,15,,,,,,,,
,GRASIM,Grasim Industries Ltd.,CEMENT,1316590852,62438.00,0.82,1.19,0.44,1.94,4.10,0.03,16,,,,,,,,
,HCLTECH,HCL Technologies Ltd.,COMPUTERS - SOFTWARE,5427330192,123163.08,1.61,0.76,0.22,1.21,3.27,0.02,17,,,,,,,,
,HDFCBANK,HDFC Bank Ltd.,PRIVATE SECTOR BANK,5544652376,644053.79,8.43,1.07,0.56,1.81,3.09,0.02,18,,,,,,,,
,HDFCLIFE,HDFC Life Insurance Company Ltd.,LIFE INSURANCE,21125226940,50026.23,0.65,0.85,0.29,2.59,2.87,0.02,19,,,,,,,,
,HEROMOTOCO,Hero MotoCorp Ltd.,MOTOR CYCLES/SCOOTERS,399623882,29795.91,0.39,0.98,0.38,2.62,-9.52,0.02,20,,,,,,,,
,HINDALCO,Hindalco Industries Ltd.,ALUMINIUM,2247172724,83184.72,1.09,1.22,0.23,3.09,-0.74,0.02,21,,,,,,,,
,HINDUNILVR,Hindustan Unilever Ltd.,DIVERSIFIED,2349591262,182912.63,2.39,0.56,0.18,2.15,-5.68,0.02,22,,,,,,,,
,HDFC,Housing Development Finance Corporation Ltd.,HOUSING FINANCE,3618452048,432477.39,5.66,1.24,0.57,2.32,1.10,0.02,23,,,,,,,,
,ICICIBANK,ICICI Bank Ltd.,PRIVATE SECTOR BANK,13896930854,507446.43,6.64,1.26,0.50,1.94,-1.67,0.03,24,,,,,,,,
,ITC,ITC Ltd.,CIGARETTES & RELATED PRODUCTS,12323255932,219306.51,2.87,0.86,0.31,1.17,16.12,0.03,25,,,,,,,,
,INDUSINDBK,IndusInd Bank Ltd.,PRIVATE SECTOR BANK,7746520180,60867.20,0.80,1.48,0.38,2.32,1.60,0.03,26,,,,,,,,
,INFY,Infosys Ltd.,COMPUTERS - SOFTWARE,21033693205,697880.90,9.13,0.73,0.30,1.47,11.15,0.02,27,,,,,,,,
,JSWSTEEL,JSW Steel Ltd.,STEEL,2417220440,70839.06,0.93,1.33,0.30,2.42,16.77,0.03,28,,,,,,,,
,KOTAKBANK,Kotak Mahindra Bank Ltd.,PRIVATE SECTOR BANK,9921868655,257541.75,3.37,1.18,0.47,1.81,-4.82,0.02,29,,,,,,,,
,LT,Larsen & Toubro Ltd.,ENGINEERING-DESIGNING-CONSTRUCTION,2809931704,213579.96,2.79,1.05,0.47,1.64,-2.70,0.03,30,,,,,,,,
,M&M,Mahindra & Mahindra Ltd.,PASSENGER/UTILITY VEHICLES,6215962720,77207.66,1.01,1.08,0.33,2.32,1.99,0.02,31,,,,,,,,
,MARUTI,Maruti Suzuki India Ltd.,PASSENGER/UTILITY VEHICLES,1510400300,100501.19,1.31,0.94,0.25,2.75,-9.06,0.03,32,,,,,,,,
,NTPC,NTPC Ltd.,POWER,96966661340,64143.45,0.84,0.78,0.22,1.09,1.12,0.03,33,,,,,,,,
,NESTLEIND,Nestle India Ltd.,CONSUMER FOOD,964157160,62003.05,0.81,0.34,0.09,1.58,-1.47,0.03,34,,,,,,,,
,ONGC,Oil & Natural Gas Corporation Ltd.,OIL EXPLORATION,62901396030,59795.33,0.78,0.60,0.07,3.81,2.02,0.03,35,,,,,,,,
,POWERGRID,Power Grid Corporation of India Ltd.,POWER - TRANSMISSION,69754528640,74101.63,0.97,0.54,0.10,1.52,3.66,0.03,36,,,,,,,,
,RELIANCE,Reliance Industries Ltd.,REFINERIES/MARKETING,67648761980,909011.64,11.89,1.10,0.48,1.99,11.66,0.02,37,,,,,,,,
,SBILIFE,SBI Life Insurance Company Ltd.,LIFE INSURANCE,10003705620,49362.08,0.65,0.77,0.24,2.20,5.78,0.04,38,,,,,,,,
,SHREECEM,Shree Cement Ltd.,CEMENT,360807480,32083.22,0.42,1.00,0.33,2.03,-1.57,0.03,39,,,,,,,,
,SBIN,State Bank of India,PUBLIC SECTOR BANK,8924611534,189403.91,2.48,1.32,0.50,1.88,2.14,0.02,40,,,,,,,,
,SUNPHARMA,Sun Pharmaceutical Industries Ltd.,PHARMACEUTICALS,2399334970,98765.62,1.29,0.65,0.17,1.57,8.40,0.02,41,,,,,,,,
,TCS,Tata Consultancy Services Ltd.,COMPUTERS - SOFTWARE,3699051373,387359.48,5.07,0.67,0.26,1.15,5.23,0.02,42,,,,,,,,
,TATACONSUM,Tata Consumer Products Ltd.,TEA &  COFFEE,921551715,46566.93,0.61,0.90,0.30,2.18,8.18,0.03,43,,,,,,,,
,TATAMOTORS,Tata Motors Ltd.,PASSENGER/UTILITY VEHICLES,6641324014,77778.21,1.02,1.78,0.38,2.29,-4.47,0.02,44,,,,,,,,
,TATASTEEL,Tata Steel Ltd.,STEEL,12221189640,105438.56,1.38,1.39,0.29,2.28,7.08,0.03,45,,,,,,,,
,TECHM,Tech Mahindra Ltd.,COMPUTERS - SOFTWARE,4856894060,93218.17,1.22,0.99,0.28,1.86,6.34,0.03,46,,,,,,,,
,TITAN,Titan Company Ltd.,"GEMS, JEWELLERY AND WATCHES",887786160,105823.27,1.38,1.09,0.33,2.10,-0.41,0.03,47,,,,,,,,
,UPL,UPL Ltd.,PESTICIDES AND AGROCHEMICALS,1528090912,42336.68,0.55,0.90,0.22,1.42,15.65,0.03,48,,,,,,,,
,ULTRACEMCO,UltraTech Cement Ltd.,CEMENT,2886667580,76234.58,1.00,0.98,0.35,2.65,0.52,0.03,49,,,,,,,,
,WIPRO,Wipro Ltd.,COMPUTERS - SOFTWARE,10964140230,87610.61,1.15,0.91,0.25,1.23,6.50,0.02,50,,,,,,,,
,,,,,7643778.78,,,,,,0.02,,,,,,,,,
,,,,,,,,,,,,,,,,,,,,
,,,,,,,,,,,,* Beta & R2 are calculated for the period 01-April-2021 to 31-March-2022,,,,,,,,
,,,,,,,,,,,,,,,,,,,,
,,,,,,,,,,,,* Beta measures the  degree to which any portfolio of stocks is affected as compared to the effect,,,,,,,,
,,,,,,,,,,,,  on the market as a whole.,,,,,,,,
,,,,,,,,,,,,,,,,,,,,
,,,,,,,,,,,,* The coefficient of determination (R2) measures the strength of relationship between two variables,,,,,,,,
,,,,,,,,,,,,   the return on  a security versus that of the market.,,,,,,,,
,,,,,,,,,,,,,,,,,,,,
,,,,,,,,,,,,* Volatility is the Std. deviation of the daily returns for the period  01-April-2021 to 31-March-2022,,,,,,,,
,,,,,,,,,,,,,,,,,,,,
,,,,,,,,,,,,* Last day of trading was 31-March-2022,,,,,,,,
,,,,,,,,,,,,,,,,,,,,
,,,,,,,,,,,,* Impact Cost for Nifty 50 is for a portfolio of Rs. 50 Lakhs  ,,,,,,,,
,,,,,,,,,,,,,,,,,,,,
,,,,,,,,,,,,* Impact Cost for Nifty 50 is the weightage average impact cost,,,,,,,,
,,,,,,,,,,,,,,,,,,,,
,Security Symbol,Security Name,Industry,Equity Capital (In Rs.),Free Float Market Capitalisation (Rs. Crores),Weightage (%),Beta,R2,Volatility (%),Monthly Return,Avg. Impact Cost (%),,Sr. No,,,,,,,
,ADANIENT,Adani Enterprises Ltd.,TRADING - MINERALS/ MINING,1140001121,47892.36,0.63,1.80,0.14,6.10,28.35,0.03,,1,,,,,,,
,ADANIPORTS,Adani Ports and Special Economic Zone Ltd.,PORT,4320277890,47774.71,0.63,1.70,0.28,3.52,6.66,0.03,,2,,,,,,,
,APOLLOHOSP,Apollo Hospitals Enterprise Ltd.,HOSPITAL,718923285,43388.89,0.57,0.78,0.17,0.81,-2.06,0.02,,3,,,,,,,
,ASIANPAINT,Asian Paints Ltd.,PAINTS,959197790,124501.52,1.63,0.62,0.15,1.11,-2.37,0.02,,4,,,,,,,
,AXISBANK,Axis Bank Ltd.,PRIVATE SECTOR BANK,6153080914,235067.69,3.08,0.99,0.34,1.31,1.71,0.02,,5,,,,,,,
,BAJAJ-AUTO,Bajaj Auto Ltd.,MOTOR CYCLES/SCOOTERS,2829573580,43968.74,0.58,0.61,0.16,1.20,6.11,0.02,,6,,,,,,,
,BAJFINANCE,Bajaj Finance Ltd.,NBFC,1210858466,149623.96,1.96,1.33,0.42,1.52,-8.10,0.02,,7,,,,,,,
,BAJAJFINSV,Bajaj Finserv Ltd.,GENERAL INSURANCE,1592815460,68588.23,0.90,1.34,0.39,1.81,-5.12,0.03,,8,,,,,,,
,BPCL,Bharat Petroleum Corporation Ltd.,REFINERIES/MARKETING,21692527440,32862.44,0.43,0.72,0.18,1.67,8.49,0.02,,9,,,,,,,
,BHARTIARTL,Bharti Airtel Ltd.,TELECOM - SERVICES,27875673250,183734.14,2.41,0.75,0.27,1.19,0.91,0.02,,10,,,,,,,
,BRITANNIA,Britannia Industries Ltd.,CONSUMER FOOD,240868296,51012.38,0.67,0.46,0.10,1.06,-3.13,0.02,,11,,,,,,,
,CIPLA,Cipla Ltd.,PHARMACEUTICALS,1614287860,47244.15,0.62,0.51,0.12,0.78,-0.65,0.02,,12,,,,,,,
,COALINDIA,Coal India Ltd.,INDUSTRIAL MINERALS,61627283270,44766.67,0.59,0.86,0.19,1.10,-0.81,0.03,,13,,,,,,,
,DIVISLAB,Divi's Laboratories Ltd.,PHARMACEUTICALS,530937160,35976.51,0.47,0.52,0.07,0.64,-0.08,0.03,,14,,,,,,,
,DRREDDY,Dr. Reddy's Laboratories Ltd.,PHARMACEUTICALS,832634270,56196.28,0.74,0.49,0.12,0.71,7.09,0.01,,15,,,,,,,
,EICHERMOT,Eicher Motors Ltd.,MOTOR CYCLES/SCOOTERS,273481570,40322.81,0.53,0.96,0.25,1.23,-5.06,0.02,,16,,,,,,,
,GRASIM,Grasim Industries Ltd.,CEMENT,1316864252,60201.24,0.79,0.91,0.34,0.94,3.43,0.02,,17,,,,,,,
,HCLTECH,HCL Technologies Ltd.,COMPUTERS - SOFTWARE,5427330192,114855.20,1.51,0.99,0.39,1.39,0.71,0.02,,18,,,,,,,
,HDFCBANK,HDFC Bank Ltd.,PRIVATE SECTOR BANK,5579742786,709489.13,9.31,1.12,0.50,1.05,0.62,0.02,,19,,,,,,,
,HDFCLIFE,HDFC Life Insurance Company Ltd.,LIFE INSURANCE,21493637650,49356.27,0.65,1.03,0.29,1.54,2.13,0.02,,20,,,,,,,
,HEROMOTOCO,Hero MotoCorp Ltd.,MOTOR CYCLES/SCOOTERS,399679436,30491.09,0.40,0.73,0.20,1.21,-2.97,0.02,,21,,,,,,,
,HINDALCO,Hindalco Industries Ltd.,ALUMINIUM,2247194585,59208.52,0.78,1.66,0.39,1.95,1.54,0.02,,22,,,,,,,
,HINDUNILVR,Hindustan Unilever Ltd.,DIVERSIFIED,2349591262,228599.49,3.00,0.65,0.18,1.11,4.05,0.02,,23,,,,,,,
,HDFC,Housing Development Finance Corporation Ltd.,HOUSING FINANCE,3660128386,475678.52,6.24,1.22,0.53,0.93,0.62,0.02,,24,,,,,,,
,ICICIBANK,ICICI Bank Ltd.,PRIVATE SECTOR BANK,13963693462,612482.50,8.04,0.99,0.52,1.19,2.62,0.02,,25,,,,,,,
,ITC,ITC Ltd.,CIGARETTES & RELATED PRODUCTS,12420391452,338188.63,4.44,0.55,0.16,0.93,1.81,0.03,,26,,,,,,,
,INDUSINDBK,IndusInd Bank Ltd.,PRIVATE SECTOR BANK,7758591580,69600.62,0.91,1.41,0.40,2.42,-0.90,0.02,,27,,,,,,,
,INFY,Infosys Ltd.,COMPUTERS - SOFTWARE,20742800220,509458.52,6.68,1.22,0.47,1.25,-4.01,0.02,,28,,,,,,,
,JSWSTEEL,JSW Steel Ltd.,STEEL,2417220440,64868.29,0.85,1.10,0.26,1.24,3.13,0.03,,29,,,,,,,
,KOTAKBANK,Kotak Mahindra Bank Ltd.,PRIVATE SECTOR BANK,9932524185,254731.30,3.34,0.86,0.37,1.06,0.21,0.02,,30,,,,,,,
,LT,Larsen & Toubro Ltd.,ENGINEERING-DESIGNING-CONSTRUCTION,2810872948,261581.52,3.43,1.01,0.43,1.00,2.61,0.02,,31,,,,,,,
,M&M,Mahindra & Mahindra Ltd.,PASSENGER/UTILITY VEHICLES,6217644155,103743.13,1.36,1.00,0.32,1.37,-8.74,0.02,,32,,,,,,,
,MARUTI,Maruti Suzuki India Ltd.,PASSENGER/UTILITY VEHICLES,1510400300,110215.30,1.45,0.73,0.24,1.04,-3.85,0.02,,33,,,,,,,
,NTPC,NTPC Ltd.,POWER,96966661340,83196.43,1.09,0.55,0.11,1.01,2.70,0.03,,34,,,,,,,
,NESTLEIND,Nestle India Ltd.,CONSUMER FOOD,964157160,70293.47,0.92,0.61,0.22,1.20,5.54,0.02,,35,,,,,,,
,ONGC,Oil & Natural Gas Corporation Ltd.,OIL EXPLORATION,62901396030,58907.79,0.77,0.64,0.08,1.18,-0.66,0.03,,36,,,,,,,
,POWERGRID,Power Grid Corporation of India Ltd.,POWER - TRANSMISSION,69754528640,77143.63,1.01,0.47,0.08,1.10,1.55,0.03,,37,,,,,,,
,RELIANCE,Reliance Industries Ltd.,REFINERIES/MARKETING,67654892760,788534.69,10.34,1.11,0.43,1.70,0.37,0.01,,38,,,,,,,
,SBILIFE,SBI Life Insurance Company Ltd.,LIFE INSURANCE,10008787890,49593.04,0.65,0.94,0.30,1.27,-1.78,0.03,,39,,,,,,,
,SBIN,State Bank of India,PUBLIC SECTOR BANK,8924611934,200993.42,2.64,1.13,0.45,1.83,0.18,0.02,,40,,,,,,,
,SUNPHARMA,Sun Pharmaceutical Industries Ltd.,PHARMACEUTICALS,2399334970,106145.38,1.39,0.53,0.16,0.75,2.77,0.02,,41,,,,,,,
,TCS,Tata Consultancy Services Ltd.,COMPUTERS - SOFTWARE,3659051373,328455.48,4.31,1.00,0.44,1.14,-3.23,0.02,,42,,,,,,,
,TATACONSUM,Tata Consumer Products Ltd.,TEA &  COFFEE,929011650,42145.91,0.55,0.79,0.28,0.94,-0.90,0.02,,43,,,,,,,
,TATAMOTORS,Tata Motors Ltd.,PASSENGER/UTILITY VEHICLES,6642688650,74073.95,0.97,1.26,0.35,1.66,0.02,0.02,,44,,,,,,,
,TATASTEEL,Tata Steel Ltd.,STEEL,12221532630,84291.91,1.11,1.28,0.28,1.51,0.53,0.03,,45,,,,,,,
,TECHM,Tech Mahindra Ltd.,COMPUTERS - SOFTWARE,4870737375,68695.32,0.90,1.11,0.31,2.02,0.15,0.03,,46,,,,,,,
,TITAN,Titan Company Ltd.,"GEMS, JEWELLERY AND WATCHES",887786160,104936.59,1.38,1.00,0.32,1.04,5.99,0.02,,47,,,,,,,
,UPL,UPL Ltd.,PESTICIDES AND AGROCHEMICALS,1501215282,37168.48,0.49,1.10,0.34,1.28,3.38,0.02,,48,,,,,,,
,ULTRACEMCO,UltraTech Cement Ltd.,CEMENT,2886825850,88015.28,1.15,0.84,0.28,1.02,4.97,0.02,,49,,,,,,,
,WIPRO,Wipro Ltd.,COMPUTERS - SOFTWARE,10975835482,54120.47,0.71,1.11,0.49,1.00,-5.63,0.02,,50,,,,,,,
,,,,,7622381.99,,,,,,0.02,,,,,,,,,
,,,,,,,,,,,,,,,,,,,,
,,,,,,,,,,,,,* Beta & R2 are calculated for the period 01-Apr-2022 to 31-Mar-2023,,,,,,,
,,,,,,,,,,,,,,,,,,,,
,,,,,,,,,,,,,* Beta measures the  degree to which any portfolio of stocks is affected as compared to the effect,,,,,,,
,,,,,,,,,,,,,  on the market as a whole.,,,,,,,
,,,,,,,,,,,,,,,,,,,,
,,,,,,,,,,,,,* The coefficient of determination (R2) measures the strength of relationship between two variables,,,,,,,
,,,,,,,,,,,,,   the return on  a security versus that of the market.,,,,,,,
,,,,,,,,,,,,,,,,,,,,
,,,,,,,,,,,,,* Volatility is the Std. deviation of the daily returns for the period  01-Apr-2022 to 31-Mar-2023,,,,,,,
,,,,,,,,,,,,,,,,,,,,
,,,,,,,,,,,,,* Last day of trading was 31-Mar-2023,,,,,,,
,,,,,,,,,,,,,,,,,,,,
,,,,,,,,,,,,,* Impact Cost for Nifty 50 is for a portfolio of Rs. 50 Lakhs  ,,,,,,,
,,,,,,,,,,,,,,,,,,,,
,,,,,,,,,,,,,* Impact Cost for Nifty 50 is the weightage average impact cost,,,,,,,
,,,,,,,,,,,,,,,,,,,,
,Security Symbol,Security Name,Industry,Equity Capital (In Rs.),Free Float Market Capitalisation (Rs. Crores),Weightage (%),Beta,R2,Volatility (%),Monthly Return,Avg. Impact Cost (%),,,Sr. No,,,,,,
,ADANIENT,Adani Enterprises Ltd.,TRADING - MINERALS/ MINING,1140001121,83828.04,0.85,1.64,0.14,2.46,-2.69,0.02,,,1,,,,,,
,ADANIPORTS,Adani Ports and Special Economic Zone Ltd.,PORT,4320277890,98551.80,1.00,1.44,0.19,2.27,1.62,0.03,,,2,,,,,,
,APOLLOHOSP,Apollo Hospitals Enterprise Ltd.,HOSPITAL,718923285,63980.72,0.65,0.73,0.10,1.45,4.18,0.02,,,3,,,,,,
,ASIANPAINT,Asian Paints Ltd.,PAINTS,959197790,128338.03,1.30,0.65,0.16,0.72,0.88,0.02,,,4,,,,,,
,AXISBANK,Axis Bank Ltd.,PRIVATE SECTOR BANK,6171986594,297312.00,3.02,0.88,0.19,1.22,-2.60,0.02,,,5,,,,,,
,BAJAJ-AUTO,Bajaj Auto Ltd.,MOTOR CYCLES/SCOOTERS,2831797560,103622.84,1.05,0.64,0.08,1.58,15.66,0.02,,,6,,,,,,
,BAJFINANCE,Bajaj Finance Ltd.,NBFC,1237992640,201815.24,2.05,0.89,0.15,1.48,11.55,0.02,,,7,,,,,,
,BAJAJFINSV,Bajaj Finserv Ltd.,GENERAL INSURANCE,1595488813,89173.31,0.91,0.84,0.17,1.52,3.14,0.03,,,8,,,,,,
,BPCL,Bharat Petroleum Corporation Ltd.,REFINERIES/MARKETING,21692527440,57497.35,0.58,1.21,0.16,2.27,-0.24,0.08,,,9,,,,,,
,BHARTIARTL,Bharti Airtel Ltd.,TELECOM - SERVICES,28275435385,319600.64,3.25,0.64,0.13,1.38,9.37,0.03,,,10,,,,,,
,BRITANNIA,Britannia Industries Ltd.,CONSUMER FOOD,240868296,57965.26,0.59,0.56,0.10,1.22,-1.09,0.02,,,11,,,,,,
,CIPLA,Cipla Ltd.,PHARMACEUTICALS,1614730808,78558.07,0.80,0.22,0.01,1.53,1.12,0.02,,,12,,,,,,
,COALINDIA,Coal India Ltd.,INDUSTRIAL MINERALS,61627283270,98983.89,1.01,1.29,0.19,2.22,-0.60,0.04,,,13,,,,,,
,DIVISLAB,Divi's Laboratories Ltd.,PHARMACEUTICALS,530937160,43901.71,0.45,0.74,0.09,1.25,-1.25,0.03,,,14,,,,,,
,DRREDDY,Dr. Reddy's Laboratories Ltd.,PHARMACEUTICALS,834091330,74989.26,0.76,0.48,0.05,1.42,-4.15,0.02,,,15,,,,,,
,EICHERMOT,Eicher Motors Ltd.,MOTOR CYCLES/SCOOTERS,273805630,55025.35,0.56,0.95,0.14,1.63,5.98,0.02,,,16,,,,,,
,GRASIM,Grasim Industries Ltd.,CEMENT,1316958452,84343.81,0.86,1.11,0.31,1.50,4.38,0.02,,,17,,,,,,
,HCLTECH,HCL Technologies Ltd.,COMPUTERS - SOFTWARE,5427330192,163358.43,1.66,0.92,0.17,1.26,-7.23,0.02,,,18,,,,,,
,HDFCBANK,HDFC Bank Ltd.,PRIVATE SECTOR BANK,7596624375,1088916.09,11.07,1.24,0.41,0.92,3.17,0.02,,,19,,,,,,
,HDFCLIFE,HDFC Life Insurance Company Ltd.,LIFE INSURANCE,21508620690,66750.18,0.68,0.69,0.08,1.11,8.82,0.02,,,20,,,,,,
,HEROMOTOCO,Hero MotoCorp Ltd.,MOTOR CYCLES/SCOOTERS,399843482,61365.88,0.62,0.91,0.13,1.80,6.68,0.02,,,21,,,,,,
,HINDALCO,Hindalco Industries Ltd.,ALUMINIUM,2247216523,81835.20,0.83,1.30,0.21,1.69,11.19,0.02,,,22,,,,,,
,HINDUNILVR,Hindustan Unilever Ltd.,DIVERSIFIED,2349591262,202171.29,2.05,0.63,0.17,0.94,-6.13,0.02,,,23,,,,,,
,ICICIBANK,ICICI Bank Ltd.,PRIVATE SECTOR BANK,14042931430,767656.85,7.80,0.82,0.28,0.90,3.91,0.03,,,24,,,,,,
,ITC,ITC Ltd.,CIGARETTES & RELATED PRODUCTS,12481470212,379597.08,3.86,0.70,0.15,1.38,5.43,0.03,,,25,,,,,,
,INDUSINDBK,IndusInd Bank Ltd.,PRIVATE SECTOR BANK,7782848090,102737.49,1.04,1.15,0.23,1.58,5.30,0.03,,,26,,,,,,
,INFY,Infosys Ltd.,COMPUTERS - SOFTWARE,20753570950,534746.06,5.44,1.20,0.23,1.29,-10.51,0.02,,,27,,,,,,
,JSWSTEEL,JSW Steel Ltd.,STEEL,2445453966,79178.42,0.80,1.23,0.34,1.84,3.76,0.03,,,28,,,,,,
,KOTAKBANK,Kotak Mahindra Bank Ltd.,PRIVATE SECTOR BANK,9939474770,262654.60,2.67,1.02,0.31,0.98,5.69,0.02,,,29,,,,,,
,LTIM,LTIMindtree Ltd.,COMPUTERS - SOFTWARE,296163369,45339.77,0.46,1.09,0.17,1.11,-6.84,0.03,,,30,,,,,,
,LT,Larsen & Toubro Ltd.,ENGINEERING-DESIGNING-CONSTRUCTION,2749259316,444961.30,4.52,1.05,0.24,1.57,8.23,0.02,,,31,,,,,,
,M&M,Mahindra & Mahindra Ltd.,PASSENGER/UTILITY VEHICLES,6217644155,183972.57,1.87,1.12,0.19,2.00,-0.57,0.02,,,32,,,,,,
,MARUTI,Maruti Suzuki India Ltd.,PASSENGER/UTILITY VEHICLES,1572012870,166386.46,1.69,0.74,0.16,1.39,11.62,0.02,,,33,,,,,,
,NTPC,NTPC Ltd.,POWER,96966661340,159550.88,1.62,1.23,0.24,2.16,0.06,0.03,,,34,,,,,,
,NESTLEIND,Nestle India Ltd.,CONSUMER FOOD,964157160,93549.23,0.95,0.48,0.07,1.33,1.01,0.03,,,35,,,,,,
,ONGC,Oil & Natural Gas Corporation Ltd.,OIL EXPLORATION,62901396030,104536.46,1.06,1.21,0.21,2.03,1.30,0.02,,,36,,,,,,
,POWERGRID,Power Grid Corporation of India Ltd.,POWER - TRANSMISSION,93006038190,126191.52,1.28,0.90,0.12,2.33,-2.10,0.03,,,37,,,,,,
,RELIANCE,Reliance Industries Ltd.,REFINERIES/MARKETING,67656904280,1005280.11,10.22,1.20,0.43,1.41,1.71,0.02,,,38,,,,,,
,SBILIFE,SBI Life Insurance Company Ltd.,LIFE INSURANCE,10013767540,67604.20,0.69,0.93,0.20,1.30,-3.37,0.04,,,39,,,,,,
,SHRIRAMFIN,Shriram Finance Ltd.,NBFC,3757928100,65622.89,0.67,0.94,0.09,1.69,-3.23,0.00,,,40,,,,,,
,SBIN,State Bank of India,PUBLIC SECTOR BANK,8924611934,288720.57,2.93,1.07,0.26,1.38,0.57,0.02,,,41,,,,,,
,SUNPHARMA,Sun Pharmaceutical Industries Ltd.,PHARMACEUTICALS,2399334970,174970.90,1.78,0.51,0.08,1.21,2.70,0.02,,,42,,,,,,
,TCS,Tata Consultancy Services Ltd.,COMPUTERS - SOFTWARE,3618087518,392694.19,3.99,0.84,0.18,1.38,-5.34,0.02,,,43,,,,,,
,TATACONSUM,Tata Consumer Products Ltd.,TEA &  COFFEE,952834816,68936.84,0.70,0.86,0.17,1.81,-7.89,0.03,,,44,,,,,,
,TATAMOTORS,Tata Motors Ltd.,PASSENGER/UTILITY VEHICLES,6646503266,174864.18,1.78,1.09,0.20,2.01,4.48,0.02,,,45,,,,,,
,TATASTEEL,Tata Steel Ltd.,STEEL,12483527171,128406.81,1.31,1.47,0.36,2.87,10.65,0.03,,,46,,,,,,
,TECHM,Tech Mahindra Ltd.,COMPUTERS - SOFTWARE,4882835570,79225.47,0.81,1.23,0.26,0.90,-2.02,0.03,,,47,,,,,,
,TITAN,Titan Company Ltd.,"GEMS, JEWELLERY AND WATCHES",887786160,158633.71,1.61,0.75,0.18,1.48,4.89,0.02,,,48,,,,,,
,ULTRACEMCO,UltraTech Cement Ltd.,CEMENT,2886902440,112579.38,1.14,0.95,0.25,1.12,-1.45,0.02,,,49,,,,,,
,WIPRO,Wipro Ltd.,COMPUTERS - SOFTWARE,10449985326,67730.01,0.69,1.26,0.29,1.39,-7.42,0.03,,,50,,,,,,
,,,,,9838212.33,,,,,,0.02,,,,,,,,,
,,,,,,,,,,,,,,,,,,,,
,,,,,,,,,,,,,,* Beta & R2 are calculated for the period 01-Apr-2023 to 28-Mar-2024,,,,,,
,,,,,,,,,,,,,,,,,,,,
,,,,,,,,,,,,,,* Beta measures the  degree to which any portfolio of stocks is affected as compared to the effect,,,,,,
,,,,,,,,,,,,,,  on the market as a whole.,,,,,,
,,,,,,,,,,,,,,,,,,,,
,,,,,,,,,,,,,,* The coefficient of determination (R2) measures the strength of relationship between two variables,,,,,,
,,,,,,,,,,,,,,   the return on  a security versus that of the market.,,,,,,
,,,,,,,,,,,,,,,,,,,,
,,,,,,,,,,,,,,* Volatility is the Std. deviation of the daily returns for the period 01-Apr-2023 to 28-Mar-2024,,,,,,
,,,,,,,,,,,,,,,,,,,,
,,,,,,,,,,,,,,* Last day of trading was 28-Mar-2024,,,,,,
,,,,,,,,,,,,,,,,,,,,
,,,,,,,,,,,,,,* Impact Cost for Nifty 50 is for a portfolio of Rs. 50 Lakhs  ,,,,,,
,,,,,,,,,,,,,,,,,,,,
,,,,,,,,,,,,,,* Impact Cost for Nifty 50 is the weightage average impact cost,,,,,,
,,,,,,,,,,,,,,,,,,,,
,Security Symbol,Security Name,Industry,Equity Capital (In Rs.),Index Market Capitalisation (Rs. Crores),Weightage (%),Beta,R2,Volatility (%),Monthly Return,Avg. Impact Cost (%),,,,Sr. No,,,,,
,ADANIENT,Adani Enterprises Ltd.,TRADING - MINERALS/ MINING,1154180729,60153.86,0.57,1.95,0.36,1.55,10.49,0.02,,,,1,,,,,
,ADANIPORTS,Adani Ports and Special Economic Zone Ltd.,PORT,4320277890,87060.57,0.82,2.06,0.52,1.55,10.62,0.03,,,,2,,,,,
,APOLLOHOSP,Apollo Hospitals Enterprise Ltd.,HOSPITAL,718923285,66660.63,0.63,0.56,0.13,1.19,9.31,0.02,,,,3,,,,,
,ASIANPAINT,Asian Paints Ltd.,PAINTS,959197790,105588.33,1,0.6,0.15,1.4,7.38,0.02,,,,4,,,,,
,AXISBANK,Axis Bank Ltd.,PRIVATE SECTOR BANK,6193408822,314046.03,2.96,1.11,0.41,1.25,8.51,0.02,,,,5,,,,,
,BAJAJ-AUTO,Bajaj Auto Ltd.,MOTOR CYCLES/SCOOTERS,2792576080,87140.06,0.82,0.8,0.17,1.81,-0.3,0.02,,,,6,,,,,
,BAJFINANCE,Bajaj Finance Ltd.,NBFC,1239757304,233295.42,2.2,1.14,0.36,1.49,4.87,0.01,,,,7,,,,,
,BAJAJFINSV,Bajaj Finserv Ltd.,GENERAL INSURANCE,1596662097,108913.38,1.03,1.11,0.39,1.74,7.21,0.02,,,,8,,,,,
,BEL,Bharat Electronics Ltd.,DEFENSE,7309778829,107624.35,1.01,1.84,0.43,1.61,22.36,0.02,,,,9,,,,,
,BHARTIARTL,Bharti Airtel Ltd.,TELECOM - SERVICES,28510526595,463766.56,4.37,0.94,0.32,1.34,10.39,0.02,,,,10,,,,,
,CIPLA,Cipla Ltd.,PHARMACEUTICALS,1615229882,80913.83,0.76,0.49,0.08,1.33,2.47,0.02,,,,11,,,,,
,COALINDIA,Coal India Ltd.,INDUSTRIAL MINERALS,61627283270,90199.9,0.85,1.36,0.4,1.48,7.81,0.03,,,,12,,,,,
,DRREDDY,Dr. Reddy's Laboratories Ltd.,PHARMACEUTICALS,834455365,69607.75,0.66,0.49,0.11,1.37,2.48,0.02,,,,13,,,,,
,EICHERMOT,Eicher Motors Ltd.,MOTOR CYCLES/SCOOTERS,274164080,73294.46,0.69,0.97,0.27,1.53,12.03,0.02,,,,14,,,,,
,ZOMATO,Eternal Ltd.,E-RETAIL/ E-COMMERCE,9650350647,139748.98,1.32,0.95,0.1,2.77,-9.19,0.02,,,,15,,,,,
,GRASIM,Grasim Industries Ltd.,CEMENT,1360876778,99951.89,0.94,1,0.36,1.07,13.2,0.02,,,,16,,,,,
,HCLTECH,HCL Technologies Ltd.,COMPUTERS - SOFTWARE,5427330192,168457.71,1.59,0.69,0.17,1.38,1.11,0.02,,,,17,,,,,
,HDFCBANK,HDFC Bank Ltd.,PRIVATE SECTOR BANK,7651920290,1387001.04,13.07,0.89,0.38,0.91,5.53,0.02,,,,18,,,,,
,HDFCLIFE,HDFC Life Insurance Company Ltd.,LIFE INSURANCE,21528932870,73210.67,0.69,0.72,0.18,1.25,12.69,0.02,,,,19,,,,,
,HEROMOTOCO,Hero MotoCorp Ltd.,MOTOR CYCLES/SCOOTERS,400021672,48196.27,0.45,0.69,0.15,1.72,1.14,0.02,,,,20,,,,,
,HINDALCO,Hindalco Industries Ltd.,ALUMINIUM,2247226523,98538.9,0.93,1.11,0.28,1.44,7.58,0.02,,,,21,,,,,
,HINDUNILVR,Hindustan Unilever Ltd.,DIVERSIFIED,2349591262,199930.38,1.88,0.26,0.03,1.08,3.13,0.02,,,,22,,,,,
,ICICIBANK,ICICI Bank Ltd.,PRIVATE SECTOR BANK,14131839426,949134.81,8.95,0.99,0.47,1.01,11.98,0.02,,,,23,,,,,
,ITC,ITC Ltd.,CIGARETTES & RELATED PRODUCTS,12514119782,380387.81,3.59,0.66,0.25,0.9,3.73,0.02,,,,24,,,,,
,INDUSINDBK,IndusInd Bank Ltd.,PRIVATE SECTOR BANK,7790544720,42679.65,0.4,0.63,0.21,6.42,-34.37,0.1,,,,25,,,,,
,INFY,Infosys Ltd.,COMPUTERS - SOFTWARE,20763668865,563881.77,5.31,0.76,0.2,1.66,-6.94,0.02,,,,26,,,,,
,JSWSTEEL,JSW Steel Ltd.,STEEL,2445453966,100599.98,0.95,1.2,0.43,1.01,11.83,0.03,,,,27,,,,,
,JIOFIN,Jio Financial Services Ltd.,NBFC,63531416230,74321.77,0.7,1.35,0.34,2.2,9.59,0.03,,,,28,,,,,
,KOTAKBANK,Kotak Mahindra Bank Ltd.,PRIVATE SECTOR BANK,9941114965,318384.33,3,0.88,0.23,1.42,14.1,0.01,,,,29,,,,,
,LT,Larsen & Toubro Ltd.,ENGINEERING-DESIGNING-CONSTRUCTION,2750350030,408859.01,3.85,1.42,0.5,1.16,10.38,0.02,,,,30,,,,,
,M&M,Mahindra & Mahindra Ltd.,PASSENGER/UTILITY VEHICLES,6217644155,235587.38,2.22,1.32,0.32,1.67,3.12,0.02,,,,31,,,,,
,MARUTI,Maruti Suzuki India Ltd.,PASSENGER/UTILITY VEHICLES,1572012870,150812.19,1.42,0.83,0.26,0.92,-3.55,0.02,,,,32,,,,,
,NTPC,NTPC Ltd.,POWER,96966661340,169103.36,1.59,1.55,0.47,1.95,14.82,0.03,,,,33,,,,,
,NESTLEIND,Nestle India Ltd.,CONSUMER FOOD,964157160,80482.94,0.76,0.42,0.09,1.23,2.79,0.03,,,,34,,,,,
,ONGC,Oil & Natural Gas Corporation Ltd.,OIL EXPLORATION,62901396030,95438.84,0.9,1.62,0.41,1.48,9.38,0.02,,,,35,,,,,
,POWERGRID,Power Grid Corporation of India Ltd.,POWER - TRANSMISSION,93006038190,131237.67,1.24,1.34,0.41,1.53,15.75,0.03,,,,36,,,,,
,RELIANCE,Reliance Industries Ltd.,REFINERIES/MARKETING,1.35E+11,861581.36,8.12,1.16,0.56,1.43,6.25,0.01,,,,37,,,,,
,SBILIFE,SBI Life Insurance Company Ltd.,LIFE INSURANCE,10021169710,69184.44,0.65,0.76,0.19,1.48,8.2,0.03,,,,38,,,,,
,SHRIRAMFIN,Shriram Finance Ltd.,NBFC,3760767760,91565.93,0.86,1.64,0.41,1.83,6.27,0.02,,,,39,,,,,
,SBIN,State Bank of India,PUBLIC SECTOR BANK,8924620034,295601.6,2.79,1.45,0.52,1.28,12.01,0.02,,,,40,,,,,
,SUNPHARMA,Sun Pharmaceutical Industries Ltd.,PHARMACEUTICALS,2399334970,186520.28,1.76,0.57,0.16,1.25,8.88,0.02,,,,41,,,,,
,TCS,Tata Consultancy Services Ltd.,COMPUTERS - SOFTWARE,3618087518,367304.24,3.46,0.66,0.19,1.05,3.53,0.02,,,,42,,,,,
,TATACONSUM,Tata Consumer Products Ltd.,TEA &  COFFEE,989494148,65066.27,0.61,0.62,0.12,1.02,3.96,0.02,,,,43,,,,,
,TATAMOTORS,Tata Motors Ltd.,PASSENGER/UTILITY VEHICLES,7362378430,140368.08,1.32,1.18,0.29,1.95,8.67,0.02,,,,44,,,,,
,TATASTEEL,Tata Steel Ltd.,STEEL,12483527171,127196.03,1.2,1.34,0.46,1.48,12.42,0.02,,,,45,,,,,
,TECHM,Tech Mahindra Ltd.,COMPUTERS - SOFTWARE,4894968560,89713.4,0.85,0.86,0.2,1.64,-4.68,0.03,,,,46,,,,,
,TITAN,Titan Company Ltd.,"GEMS, JEWELLERY AND WATCHES",887786160,126001.5,1.19,0.76,0.2,1.44,-0.45,0.02,,,,47,,,,,
,TRENT,Trent Ltd.,SPECIALITY RETAIL,355487461,118022.67,1.11,1.08,0.16,2.01,9.76,0.02,,,,48,,,,,
,ULTRACEMCO,UltraTech Cement Ltd.,CEMENT,2946774100,133541.71,1.26,1.17,0.43,1.08,13.64,0.02,,,,49,,,,,
,WIPRO,Wipro Ltd.,COMPUTERS - SOFTWARE,20943711336,74287,0.7,1.06,0.26,1.71,-5.55,0.02,,,,50,,,,,
,,,,,10610167,,,,,,0.02,,,,,,,,,
,,,,,,,,,,,,,,,,,,,,
,,,,,,,,,,,,,,,* Beta & R2 are calculated for the period 01-Apr-2024 to 28-Mar-2025,,,,,
,,,,,,,,,,,,,,,,,,,,
,,,,,,,,,,,,,,,* Beta measures the  degree to which any portfolio of stocks is affected as compared to the effect,,,,,
,,,,,,,,,,,,,,,  on the market as a whole.,,,,,
,,,,,,,,,,,,,,,,,,,,
,,,,,,,,,,,,,,,* The coefficient of determination (R2) measures the strength of relationship between two variables,,,,,
,,,,,,,,,,,,,,,   the return on  a security versus that of the market.,,,,,
,,,,,,,,,,,,,,,,,,,,
,,,,,,,,,,,,,,,* Volatility is the Std. deviation of the daily returns for the period 03-Mar-2025 to 28-Mar-2025,,,,,
,,,,,,,,,,,,,,,,,,,,
,,,,,,,,,,,,,,,* Last day of trading was 28-Mar-2025,,,,,
,,,,,,,,,,,,,,,,,,,,
,,,,,,,,,,,,,,,* Impact Cost for Nifty 50 is for a portfolio of Rs. 50 Lakhs  ,,,,,
,,,,,,,,,,,,,,,,,,,,
,,,,,,,,,,,,,,,* Impact Cost for Nifty 50 is the weightage average impact cost,,,,,
,,,,,,,,,,,,,,,,,,,,
,Security Symbol,Security Name,Industry,Equity Capital (In Rs.),Free Float Market Capitalisation (Rs. Crores),Weightage (%),Beta,R2,Volatility (%),Monthly Return,Avg. Impact Cost (%),,,,,Sr. No,,,,
,ADANIPORTS,Adani Ports and Special Economic Zone Ltd.,PORT,4083503522,54237.91,0.71,1.18,0.20,0.97,-1.39,0.02,,,,,1,,,,
,ASIANPAINT,Asian Paints Ltd.,PAINTS,959197790,146276.27,1.91,0.66,0.14,1.42,1.35,0.02,,,,,2,,,,
,AXISBANK,Axis Bank Ltd.,PRIVATE SECTOR BANK,6132598898,197439.63,2.58,1.42,0.46,1.20,-2.54,0.02,,,,,3,,,,
,BAJAJ-AUTO,Bajaj Auto Ltd.,MOTOR CYCLES/SCOOTERS,2893670200,49906.91,0.65,0.72,0.19,1.05,2.81,0.02,,,,,4,,,,
,BAJFINANCE,Bajaj Finance Ltd.,NBFC,1207188690,203650.56,2.66,1.41,0.38,1.45,1.91,0.02,,,,,5,,,,
,BAJAJFINSV,Bajaj Finserv Ltd.,GENERAL INSURANCE,795687220,107560.44,1.41,1.28,0.31,1.77,3.72,0.03,,,,,6,,,,
,BPCL,Bharat Petroleum Corporation Ltd.,REFINERIES/MARKETING,21692527440,41252.25,0.54,0.78,0.17,2.69,-8.36,0.02,,,,,7,,,,
,BHARTIARTL,Bharti Airtel Ltd.,TELECOM - SERVICES,27460136340,162546.98,2.13,0.85,0.20,1.71,3.65,0.03,,,,,8,,,,
,BRITANNIA,Britannia Industries Ltd.,CONSUMER FOOD,240868296,46607.67,0.61,0.21,0.03,0.68,-1.21,0.02,,,,,9,,,,
,CIPLA,Cipla Ltd.,PHARMACEUTICALS,1613307248,49983.20,0.65,0.33,0.04,1.26,3.77,0.02,,,,,10,,,,
,COALINDIA,Coal India Ltd.,INDUSTRIAL MINERALS,61627283270,38784.51,0.51,0.94,0.20,2.44,26.91,0.04,,,,,11,,,,
,DIVISLAB,Divi's Laboratories Ltd.,PHARMACEUTICALS,530937160,61147.40,0.80,0.67,0.17,1.33,-7.25,0.02,,,,,12,,,,
,DRREDDY,Dr. Reddy's Laboratories Ltd.,PHARMACEUTICALS,831982535,59285.59,0.78,0.35,0.05,0.94,3.76,0.02,,,,,13,,,,
,EICHERMOT,Eicher Motors Ltd.,MOTOR CYCLES/SCOOTERS,273399672,38904.83,0.51,0.93,0.26,1.40,4.14,0.02,,,,,14,,,,
,GRASIM,Grasim Industries Ltd.,CEMENT,1316209202,63723.02,0.83,0.81,0.24,1.11,11.27,0.02,,,,,15,,,,
,HCLTECH,HCL Technologies Ltd.,COMPUTERS - SOFTWARE,5427330192,138890.81,1.82,0.76,0.19,1.71,8.23,0.02,,,,,16,,,,
,HDFCBANK,HDFC Bank Ltd.,PRIVATE SECTOR BANK,5537451890,697724.75,9.13,1.27,0.55,1.05,0.86,0.02,,,,,17,,,,
,HDFCLIFE,HDFC Life Insurance Company Ltd.,LIFE INSURANCE,20231321130,67229.49,0.88,0.63,0.18,1.71,0.65,0.02,,,,,18,,,,
,HEROMOTOCO,Hero MotoCorp Ltd.,MOTOR CYCLES/SCOOTERS,399588400,36784.61,0.48,0.81,0.24,1.24,3.31,0.02,,,,,19,,,,
,HINDALCO,Hindalco Industries Ltd.,ALUMINIUM,2247114735,71271.18,0.93,1.47,0.30,2.31,4.20,0.02,,,,,20,,,,
,HINDUNILVR,Hindustan Unilever Ltd.,PERSONAL CARE,2349591262,241228.78,3.16,0.35,0.07,1.17,-0.82,0.02,,,,,21,,,,
,HDFC,Housing Development Finance Corporation Ltd.,HOUSING FINANCE,3609705098,497110.54,6.50,1.41,0.51,1.40,-1.58,0.02,,,,,22,,,,
,ICICIBANK,ICICI Bank Ltd.,PRIVATE SECTOR BANK,13866912880,485931.29,6.36,1.61,0.57,1.07,-2.53,0.02,,,,,23,,,,
,ITC,ITC Ltd.,CIGARETTES & RELATED PRODUCTS,12320326302,206570.60,2.70,0.69,0.20,1.71,11.76,0.03,,,,,24,,,,
,IOC,Indian Oil Corporation Ltd.,REFINERIES/MARKETING,94141589220,31849.04,0.42,0.81,0.21,1.58,13.04,0.03,,,,,25,,,,
,INDUSINDBK,IndusInd Bank Ltd.,PRIVATE SECTOR BANK,7740861740,67135.10,0.88,1.70,0.38,2.32,12.04,0.03,,,,,26,,,,
,INFY,Infosys Ltd.,COMPUTERS - SOFTWARE,21306358815,621047.97,8.13,0.68,0.23,1.20,-1.83,0.02,,,,,27,,,,
,JSWSTEEL,JSW Steel Ltd.,STEEL,2417220440,66232.57,0.87,1.14,0.23,2.37,-2.81,0.03,,,,,28,,,,
,KOTAKBANK,Kotak Mahindra Bank Ltd.,PRIVATE SECTOR BANK,9915118875,294294.61,3.85,1.11,0.36,1.59,14.36,0.02,,,,,29,,,,
,LT,Larsen & Toubro Ltd.,ENGINEERING-DESIGNING-CONSTRUCTION,2809312020,205717.07,2.69,1.11,0.40,1.07,1.84,0.02,,,,,30,,,,
,M&M,Mahindra & Mahindra Ltd.,PASSENGER/UTILITY VEHICLES,6215962720,76872.62,1.01,1.19,0.32,1.57,1.23,0.02,,,,,31,,,,
,MARUTI,Maruti Suzuki India Ltd.,PASSENGER/UTILITY VEHICLES,1510400300,97533.86,1.28,0.72,0.20,1.65,7.19,0.02,,,,,32,,,,
,NTPC,NTPC Ltd.,POWER,96966661340,67398.13,0.88,0.71,0.15,2.26,22.34,0.03,,,,,33,,,,
,NESTLEIND,Nestle India Ltd.,CONSUMER FOOD,964157160,69369.70,0.91,0.29,0.05,1.22,-0.11,0.03,,,,,34,,,,
,ONGC,Oil & Natural Gas Corporation Ltd.,OIL EXPLORATION,62901396030,52717.66,0.69,1.00,0.18,1.93,19.87,0.03,,,,,35,,,,
,POWERGRID,Power Grid Corporation of India Ltd.,POWER - TRANSMISSION,69754528640,64907.29,0.85,0.71,0.14,1.84,8.30,0.03,,,,,36,,,,
,RELIANCE,Reliance Industries Ltd.,REFINERIES/MARKETING,63394431200,814502.75,10.66,0.91,0.28,1.37,11.56,0.01,,,,,37,,,,
,SBILIFE,SBI Life Insurance Company Ltd.,LIFE INSURANCE,10001921830,53474.67,0.70,0.50,0.11,1.39,1.93,0.03,,,,,38,,,,
,SHREECEM,Shree Cement Ltd.,CEMENT,360807480,38583.21,0.50,1.05,0.29,1.63,2.17,0.03,,,,,39,,,,
,SBIN,State Bank of India,PUBLIC SECTOR BANK,8924611534,173842.51,2.27,1.56,0.45,1.82,6.33,0.02,,,,,40,,,,
,SUNPHARMA,Sun Pharmaceutical Industries Ltd.,PHARMACEUTICALS,2399334970,88346.51,1.16,0.74,0.17,1.34,3.05,0.02,,,,,41,,,,
,TCS,Tata Consultancy Services Ltd.,COMPUTERS - SOFTWARE,3699051373,391046.70,5.12,0.61,0.18,1.25,-0.29,0.02,,,,,42,,,,
,TATACONSUM,Tata Consumer Products Ltd.,TEA &  COFFEE,921551715,48735.34,0.64,0.63,0.16,0.79,-5.94,0.02,,,,,43,,,,
,TATAMOTORS,Tata Motors Ltd.,PASSENGER/UTILITY VEHICLES,6640615530,59768.53,0.78,1.64,0.31,1.71,16.03,0.02,,,,,44,,,,
,TATASTEEL,Tata Steel Ltd.,STEEL,12029702410,100783.04,1.32,1.33,0.24,2.59,-11.13,0.02,,,,,45,,,,
,TECHM,Tech Mahindra Ltd.,COMPUTERS - SOFTWARE,4848571855,85682.41,1.12,0.77,0.17,1.62,-4.63,0.03,,,,,46,,,,
,TITAN,Titan Company Ltd.,"GEMS, JEWELLERY AND WATCHES",887786160,90205.24,1.18,0.83,0.24,1.09,12.50,0.02,,,,,47,,,,
,UPL,UPL Ltd.,PESTICIDES AND AGROCHEMICALS,1528090912,38931.48,0.51,0.87,0.13,1.45,-4.53,0.03,,,,,48,,,,
,ULTRACEMCO,UltraTech Cement Ltd.,CEMENT,2886595660,85398.20,1.12,1.01,0.34,0.96,-5.57,0.03,,,,,49,,,,
,WIPRO,Wipro Ltd.,COMPUTERS - SOFTWARE,10959426980,93816.53,1.23,0.81,0.17,1.59,-1.07,0.02,,,,,50,,,,
,,,,,7642241.96,,,,,,0.02,,,,,,,,,
,,,,,,,,,,,,,,,,,,,,
,,,,,,,,,,,,,,,,* Beta & R2 are calculated for the period 01-October-2020 to 30-September-2021,,,,
,,,,,,,,,,,,,,,,,,,,
,,,,,,,,,,,,,,,,* Beta measures the  degree to which any portfolio of stocks is affected as compared to the effect,,,,
,,,,,,,,,,,,,,,,  on the market as a whole.,,,,
,,,,,,,,,,,,,,,,,,,,
,,,,,,,,,,,,,,,,* The coefficient of determination (R2) measures the strength of relationship between two variables,,,,
,,,,,,,,,,,,,,,,   the return on  a security versus that of the market.,,,,
,,,,,,,,,,,,,,,,,,,,
,,,,,,,,,,,,,,,,* Volatility is the Std. deviation of the daily returns for the period 01-October-2020 to 30-September-2021,,,,
,,,,,,,,,,,,,,,,,,,,
,,,,,,,,,,,,,,,,* Last day of trading was 30-September-2021,,,,
,,,,,,,,,,,,,,,,,,,,
,,,,,,,,,,,,,,,,* Impact Cost for Nifty 50 is for a portfolio of Rs. 50 Lakhs  ,,,,
,,,,,,,,,,,,,,,,,,,,
,,,,,,,,,,,,,,,,* Impact Cost for Nifty 50 is the weightage average impact cost,,,,
,,,,,,,,,,,,,,,,,,,,
,Security Symbol,Security Name,Industry,Equity Capital (In Rs.),Free Float Market Capitalisation (Rs. Crores),Weightage (%),Beta,R2,Volatility (%),Monthly Return,Avg. Impact Cost (%),,,,,,Sr. No,,,
,ADANIENT,Adani Enterprises Ltd.,TRADING - MINERALS/ MINING,1140001121,94549.41,1.25,1.45,0.47,2.17,8.18,0.02,,,,,,1,,,
,ADANIPORTS,Adani Ports and Special Economic Zone Ltd.,PORT,4224746460,58939.65,0.78,1.41,0.50,2.37,-2.55,0.03,,,,,,2,,,
,APOLLOHOSP,Apollo Hospitals Enterprise Ltd.,HOSPITAL,718923285,44748.86,0.59,0.90,0.19,2.07,1.40,0.02,,,,,,3,,,
,ASIANPAINT,Asian Paints Ltd.,PAINTS,959197790,150685.32,1.99,0.78,0.24,1.73,-1.45,0.02,,,,,,4,,,
,AXISBANK,Axis Bank Ltd.,PRIVATE SECTOR BANK,6143852518,193700.92,2.56,1.07,0.44,1.68,-2.44,0.02,,,,,,5,,,
,BAJAJ-AUTO,Bajaj Auto Ltd.,MOTOR CYCLES/SCOOTERS,2848954940,45226.80,0.60,0.69,0.26,1.21,-13.64,0.03,,,,,,6,,,
,BAJFINANCE,Bajaj Finance Ltd.,NBFC,1210858466,195416.21,2.58,1.44,0.56,1.68,0.40,0.02,,,,,,7,,,
,BAJAJFINSV,Bajaj Finserv Ltd.,GENERAL INSURANCE,1592815460,101585.47,1.34,1.38,0.50,1.89,-1.05,0.04,,,,,,8,,,
,BPCL,Bharat Petroleum Corporation Ltd.,REFINERIES/MARKETING,21692527440,29092.28,0.38,0.94,0.35,1.58,-7.26,0.02,,,,,,9,,,
,BHARTIARTL,Bharti Airtel Ltd.,TELECOM - SERVICES,27816158250,195801.28,2.59,0.78,0.31,1.50,10.09,0.02,,,,,,10,,,
,BRITANNIA,Britannia Industries Ltd.,CONSUMER FOOD,240868296,45357.78,0.60,0.54,0.18,1.31,2.54,0.02,,,,,,11,,,
,CIPLA,Cipla Ltd.,PHARMACEUTICALS,1614003206,60284.35,0.80,0.26,0.03,1.65,7.37,0.02,,,,,,12,,,
,COALINDIA,Coal India Ltd.,INDUSTRIAL MINERALS,61627283270,44473.33,0.59,0.90,0.19,1.39,-9.60,0.03,,,,,,13,,,
,DIVISLAB,Divi's Laboratories Ltd.,PHARMACEUTICALS,530937160,47213.48,0.62,0.73,0.19,0.92,2.16,0.02,,,,,,14,,,
,DRREDDY,Dr. Reddy's Laboratories Ltd.,PHARMACEUTICALS,832242220,52681.95,0.70,0.56,0.18,1.21,2.14,0.02,,,,,,15,,,
,EICHERMOT,Eicher Motors Ltd.,MOTOR CYCLES/SCOOTERS,273455720,51205.02,0.68,0.97,0.33,1.71,9.31,0.02,,,,,,16,,,
,GRASIM,Grasim Industries Ltd.,CEMENT,1316630852,62847.04,0.83,1.17,0.48,1.33,-0.23,0.02,,,,,,17,,,
,HCLTECH,HCL Technologies Ltd.,COMPUTERS - SOFTWARE,5427330192,98673.34,1.30,0.90,0.37,1.20,-0.70,0.02,,,,,,18,,,
,HDFCBANK,HDFC Bank Ltd.,PRIVATE SECTOR BANK,5569959026,625432.04,8.27,1.04,0.54,1.29,-4.36,0.02,,,,,,19,,,
,HDFCLIFE,HDFC Life Insurance Company Ltd.,LIFE INSURANCE,21490547510,50158.51,0.66,1.01,0.40,1.50,-7.78,0.02,,,,,,20,,,
,HEROMOTOCO,Hero MotoCorp Ltd.,MOTOR CYCLES/SCOOTERS,399644466,33110.14,0.44,0.88,0.30,1.48,-10.17,0.02,,,,,,21,,,
,HINDALCO,Hindalco Industries Ltd.,ALUMINIUM,2247175109,57046.23,0.75,1.30,0.31,2.78,-11.04,0.02,,,,,,22,,,
,HINDUNILVR,Hindustan Unilever Ltd.,DIVERSIFIED,2349591262,240751.10,3.18,0.70,0.27,1.03,1.38,0.02,,,,,,23,,,
,HDFC,Housing Development Finance Corporation Ltd.,HOUSING FINANCE,3627111418,414896.21,5.48,1.18,0.55,1.41,-6.49,0.02,,,,,,24,,,
,ICICIBANK,ICICI Bank Ltd.,PRIVATE SECTOR BANK,13934848622,600591.98,7.94,1.04,0.50,1.30,-2.85,0.02,,,,,,25,,,
,ITC,ITC Ltd.,CIGARETTES & RELATED PRODUCTS,12399178702,292449.51,3.86,0.74,0.28,1.46,3.65,0.03,,,,,,26,,,
,INDUSINDBK,IndusInd Bank Ltd.,PRIVATE SECTOR BANK,7752250640,77178.93,1.02,1.36,0.39,2.16,7.02,0.02,,,,,,27,,,
,INFY,Infosys Ltd.,COMPUTERS - SOFTWARE,21038767370,517428.08,6.84,1.01,0.43,1.69,-5.33,0.02,,,,,,28,,,
,JSWSTEEL,JSW Steel Ltd.,STEEL,2417220440,59546.65,0.79,1.21,0.34,1.43,-5.29,0.03,,,,,,29,,,
,KOTAKBANK,Kotak Mahindra Bank Ltd.,PRIVATE SECTOR BANK,9928208080,267308.66,3.53,1.06,0.46,1.19,-5.02,0.02,,,,,,30,,,
,LT,Larsen & Toubro Ltd.,ENGINEERING-DESIGNING-CONSTRUCTION,2810382398,223287.97,2.95,1.05,0.53,1.15,-3.89,0.02,,,,,,31,,,
,M&M,Mahindra & Mahindra Ltd.,PASSENGER/UTILITY VEHICLES,6215962720,121399.49,1.60,1.01,0.35,1.57,-3.09,0.02,,,,,,32,,,
,MARUTI,Maruti Suzuki India Ltd.,PASSENGER/UTILITY VEHICLES,1510400300,117339.56,1.55,0.92,0.29,1.59,-2.80,0.02,,,,,,33,,,
,NTPC,NTPC Ltd.,POWER,96966661340,75855.56,1.00,0.72,0.21,1.53,-2.65,0.03,,,,,,34,,,
,NESTLEIND,Nestle India Ltd.,CONSUMER FOOD,964157160,68296.81,0.90,0.50,0.22,1.07,-3.92,0.03,,,,,,35,,,
,ONGC,Oil & Natural Gas Corporation Ltd.,OIL EXPLORATION,62901396030,49450.56,0.65,0.53,0.05,1.55,-8.51,0.03,,,,,,36,,,
,POWERGRID,Power Grid Corporation of India Ltd.,POWER - TRANSMISSION,69754528640,72529.36,0.96,0.51,0.11,2.20,-7.58,0.03,,,,,,37,,,
,RELIANCE,Reliance Industries Ltd.,REFINERIES/MARKETING,67653559330,820402.58,10.84,1.11,0.48,1.41,-9.86,0.01,,,,,,38,,,
,SBILIFE,SBI Life Insurance Company Ltd.,LIFE INSURANCE,10007136560,56310.41,0.74,0.87,0.34,1.26,-5.92,0.03,,,,,,39,,,
,SBIN,State Bank of India,PUBLIC SECTOR BANK,8924611734,203622.16,2.69,1.10,0.52,1.40,-0.12,0.02,,,,,,40,,,
,SUNPHARMA,Sun Pharmaceutical Industries Ltd.,PHARMACEUTICALS,2399334970,102425.81,1.35,0.68,0.25,1.47,6.23,0.02,,,,,,41,,,
,TCS,Tata Consultancy Services Ltd.,COMPUTERS - SOFTWARE,3659051373,307826.48,4.07,0.84,0.40,1.27,-6.43,0.02,,,,,,42,,,
,TATACONSUM,Tata Consumer Products Ltd.,TEA &  COFFEE,921551715,48091.41,0.64,0.94,0.36,1.81,-0.84,0.02,,,,,,43,,,
,TATAMOTORS,Tata Motors Ltd.,PASSENGER/UTILITY VEHICLES,6642350488,72562.37,0.96,1.67,0.42,1.78,-14.12,0.02,,,,,,44,,,
,TATASTEEL,Tata Steel Ltd.,STEEL,12221209890,80095.37,1.06,1.31,0.33,1.83,-8.31,0.04,,,,,,45,,,
,TECHM,Tech Mahindra Ltd.,COMPUTERS - SOFTWARE,4865797000,63799.36,0.84,1.20,0.44,1.91,-6.27,0.03,,,,,,46,,,
,TITAN,Titan Company Ltd.,"GEMS, JEWELLERY AND WATCHES",887786160,108777.46,1.44,1.15,0.41,1.54,0.09,0.02,,,,,,47,,,
,UPL,UPL Ltd.,PESTICIDES AND AGROCHEMICALS,1501215282,35815.66,0.47,0.92,0.30,1.70,-12.64,0.03,,,,,,48,,,
,ULTRACEMCO,UltraTech Cement Ltd.,CEMENT,2886719330,72226.87,0.95,0.94,0.37,1.71,-6.33,0.03,,,,,,49,,,
,WIPRO,Wipro Ltd.,COMPUTERS - SOFTWARE,10970932656,58391.42,0.77,1.03,0.44,1.03,-4.67,0.02,,,,,,50,,,
,,,,,7566887.18,,,,,,0.02,,,,,,,,,
,,,,,,,,,,,,,,,,,,,,
,,,,,,,,,,,,,,,,,* Beta & R2 are calculated for the period 01-Oct-2021 to 30-Sep-2022,,,
,,,,,,,,,,,,,,,,,,,,
,,,,,,,,,,,,,,,,,* Beta measures the  degree to which any portfolio of stocks is affected as compared to the effect,,,
,,,,,,,,,,,,,,,,,  on the market as a whole.,,,
,,,,,,,,,,,,,,,,,,,,
,,,,,,,,,,,,,,,,,* The coefficient of determination (R2) measures the strength of relationship between two variables,,,
,,,,,,,,,,,,,,,,,   the return on  a security versus that of the market.,,,
,,,,,,,,,,,,,,,,,,,,
,,,,,,,,,,,,,,,,,* Volatility is the Std. deviation of the daily returns for the period  01-Oct-2021 to 30-Sep-2022,,,
,,,,,,,,,,,,,,,,,,,,
,,,,,,,,,,,,,,,,,* Last day of trading was 30-Sep-2022,,,
,,,,,,,,,,,,,,,,,,,,
,,,,,,,,,,,,,,,,,* Impact Cost for Nifty 50 is for a portfolio of Rs. 50 Lakhs  ,,,
,,,,,,,,,,,,,,,,,,,,
,,,,,,,,,,,,,,,,,* Impact Cost for Nifty 50 is the weightage average impact cost,,,
,,,,,,,,,,,,,,,,,,,,
,Security Symbol,Security Name,Industry,Equity Capital (In Rs.),Free Float Market Capitalisation (Rs. Crores),Weightage (%),Beta,R2,Volatility (%),Monthly Return,Avg. Impact Cost (%),,,,,,,Sr. No,,
,ADANIENT,Adani Enterprises Ltd.,TRADING - MINERALS/ MINING,1140001121,79803.61,0.93,2.55,0.12,1.44,-0.22,0.02,,,,,,,1,,
,ADANIPORTS,Adani Ports and Special Economic Zone Ltd.,PORT,4320277890,65950.23,0.77,1.97,0.20,1.89,4.16,0.03,,,,,,,2,,
,APOLLOHOSP,Apollo Hospitals Enterprise Ltd.,HOSPITAL,718923285,51711.07,0.60,0.58,0.07,1.43,6.72,0.01,,,,,,,3,,
,ASIANPAINT,Asian Paints Ltd.,PAINTS,959197790,142507.39,1.65,0.45,0.07,1.13,-2.92,0.02,,,,,,,4,,
,AXISBANK,Axis Bank Ltd.,PRIVATE SECTOR BANK,6162939698,287510.38,3.34,0.85,0.19,0.93,6.49,0.02,,,,,,,5,,
,BAJAJ-AUTO,Bajaj Auto Ltd.,MOTOR CYCLES/SCOOTERS,2829573580,57312.45,0.67,0.57,0.08,1.55,9.75,0.02,,,,,,,6,,
,BAJFINANCE,Bajaj Finance Ltd.,NBFC,1211837076,208237.84,2.42,1.11,0.23,1.23,9.04,0.01,,,,,,,7,,
,BAJAJFINSV,Bajaj Finserv Ltd.,GENERAL INSURANCE,1595488813,83553.36,0.97,1.19,0.28,1.02,3.45,0.03,,,,,,,8,,
,BPCL,Bharat Petroleum Corporation Ltd.,REFINERIES/MARKETING,21692527440,33081.97,0.38,0.48,0.05,1.58,1.78,0.02,,,,,,,9,,
,BHARTIARTL,Bharti Airtel Ltd.,TELECOM - SERVICES,28026723695,233675.61,2.71,0.67,0.16,1.05,8.17,0.02,,,,,,,10,,
,BRITANNIA,Britannia Industries Ltd.,CONSUMER FOOD,240868296,53549.92,0.62,0.49,0.07,0.88,1.55,0.02,,,,,,,11,,
,CIPLA,Cipla Ltd.,PHARMACEUTICALS,1614634956,62243.98,0.72,0.35,0.03,1.09,-5.68,0.02,,,,,,,12,,
,COALINDIA,Coal India Ltd.,INDUSTRIAL MINERALS,61627283270,67311.78,0.78,0.76,0.11,2.25,28.32,0.03,,,,,,,13,,
,DIVISLAB,Divi's Laboratories Ltd.,PHARMACEUTICALS,530937160,47977.39,0.56,0.32,0.01,1.21,4.82,0.03,,,,,,,14,,
,DRREDDY,Dr. Reddy's Laboratories Ltd.,PHARMACEUTICALS,833923820,68023.33,0.79,0.42,0.05,1.35,-0.37,0.02,,,,,,,15,,
,EICHERMOT,Eicher Motors Ltd.,MOTOR CYCLES/SCOOTERS,273749460,47180.04,0.55,0.89,0.14,1.12,3.31,0.02,,,,,,,16,,
,GRASIM,Grasim Industries Ltd.,CEMENT,1316897582,71622.37,0.83,0.98,0.31,1.27,8.46,0.02,,,,,,,17,,
,HCLTECH,HCL Technologies Ltd.,COMPUTERS - SOFTWARE,5427330192,130682.51,1.52,1.02,0.25,1.21,5.34,0.02,,,,,,,18,,
,HDFCBANK,HDFC Bank Ltd.,PRIVATE SECTOR BANK,7580137319,1145386.80,13.30,1.20,0.46,1.20,-2.87,0.01,,,,,,,19,,
,HDFCLIFE,HDFC Life Insurance Company Ltd.,LIFE INSURANCE,21499639940,68519.35,0.80,1.01,0.15,1.16,-1.14,0.02,,,,,,,20,,
,HEROMOTOCO,Hero MotoCorp Ltd.,MOTOR CYCLES/SCOOTERS,399737956,39718.21,0.46,0.78,0.14,1.40,4.85,0.02,,,,,,,21,,
,HINDALCO,Hindalco Industries Ltd.,ALUMINIUM,2247216523,71960.93,0.84,1.46,0.24,1.98,7.13,0.02,,,,,,,22,,
,HINDUNILVR,Hindustan Unilever Ltd.,DIVERSIFIED,2349591262,220139.78,2.56,0.57,0.11,0.73,-1.57,0.01,,,,,,,23,,
,ICICIBANK,ICICI Bank Ltd.,PRIVATE SECTOR BANK,14005936808,666612.56,7.74,0.93,0.37,0.93,-0.71,0.02,,,,,,,24,,
,ITC,ITC Ltd.,CIGARETTES & RELATED PRODUCTS,12470914522,393487.28,4.57,0.73,0.17,0.91,1.07,0.02,,,,,,,25,,
,INDUSINDBK,IndusInd Bank Ltd.,PRIVATE SECTOR BANK,7769477670,93251.91,1.08,1.36,0.28,1.43,3.68,0.02,,,,,,,26,,
,INFY,Infosys Ltd.,COMPUTERS - SOFTWARE,20751789260,512356.28,5.95,1.36,0.35,0.92,0.00,0.02,,,,,,,27,,
,JSWSTEEL,JSW Steel Ltd.,STEEL,2445453966,72446.08,0.84,1.14,0.26,1.22,-0.01,0.02,,,,,,,28,,
,KOTAKBANK,Kotak Mahindra Bank Ltd.,PRIVATE SECTOR BANK,9937255425,255271.79,2.96,0.81,0.23,0.87,-1.31,0.01,,,,,,,29,,
,LTIM,LTIMindtree Ltd.,COMPUTERS - SOFTWARE,295913763,47791.66,0.55,1.21,0.23,1.18,0.32,0.03,,,,,,,30,,
,LT,Larsen & Toubro Ltd.,ENGINEERING-DESIGNING-CONSTRUCTION,2811297434,365504.23,4.24,0.85,0.20,1.20,11.87,0.03,,,,,,,31,,
,M&M,Mahindra & Mahindra Ltd.,PASSENGER/UTILITY VEHICLES,6217644155,139158.34,1.62,1.02,0.21,1.43,-1.34,0.02,,,,,,,32,,
,MARUTI,Maruti Suzuki India Ltd.,PASSENGER/UTILITY VEHICLES,1510400300,141031.03,1.64,0.64,0.15,1.19,6.07,0.02,,,,,,,33,,
,NTPC,NTPC Ltd.,POWER,96966661340,116669.80,1.35,0.69,0.12,1.79,11.46,0.03,,,,,,,34,,
,NESTLEIND,Nestle India Ltd.,CONSUMER FOOD,964157160,80290.70,0.93,0.56,0.12,0.81,2.37,0.02,,,,,,,35,,
,ONGC,Oil & Natural Gas Corporation Ltd.,OIL EXPLORATION,62901396030,74819.32,0.87,0.60,0.09,1.35,10.16,0.02,,,,,,,36,,
,POWERGRID,Power Grid Corporation of India Ltd.,POWER - TRANSMISSION,93006038190,91031.99,1.06,0.51,0.05,1.56,8.91,0.04,,,,,,,37,,
,RELIANCE,Reliance Industries Ltd.,REFINERIES/MARKETING,67656234570,793269.35,9.21,0.00,0.00,0.85,-2.58,0.01,,,,,,,38,,
,SBILIFE,SBI Life Insurance Company Ltd.,LIFE INSURANCE,10010400420,58804.10,0.68,1.01,0.25,1.19,0.99,0.03,,,,,,,39,,
,SBIN,State Bank of India,PUBLIC SECTOR BANK,8924611934,229698.54,2.67,1.25,0.34,1.01,6.63,0.02,,,,,,,40,,
,SUNPHARMA,Sun Pharmaceutical Industries Ltd.,PHARMACEUTICALS,2399334970,125099.53,1.45,0.37,0.06,0.91,4.23,0.02,,,,,,,41,,
,TCS,Tata Consultancy Services Ltd.,COMPUTERS - SOFTWARE,3659051373,361517.20,4.20,1.00,0.32,0.88,5.12,0.02,,,,,,,42,,
,TATACONSUM,Tata Consumer Products Ltd.,TEA &  COFFEE,929011650,52952.27,0.61,0.87,0.22,1.47,5.10,0.02,,,,,,,43,,
,TATAMOTORS,Tata Motors Ltd.,PASSENGER/UTILITY VEHICLES,6644634000,110967.38,1.29,0.99,0.17,1.21,4.86,0.02,,,,,,,44,,
,TATASTEEL,Tata Steel Ltd.,STEEL,12221532630,103973.47,1.21,1.20,0.26,1.50,4.88,0.03,,,,,,,45,,
,TECHM,Tech Mahindra Ltd.,COMPUTERS - SOFTWARE,4877520525,76342.17,0.89,1.03,0.17,1.53,1.73,0.03,,,,,,,46,,
,TITAN,Titan Company Ltd.,"GEMS, JEWELLERY AND WATCHES",887786160,131386.67,1.53,0.60,0.11,1.15,1.43,0.02,,,,,,,47,,
,UPL,UPL Ltd.,PESTICIDES AND AGROCHEMICALS,1501215282,30991.65,0.36,1.10,0.26,1.41,4.25,0.02,,,,,,,48,,
,ULTRACEMCO,UltraTech Cement Ltd.,CEMENT,2886863450,95322.50,1.11,0.74,0.18,1.34,-0.51,0.02,,,,,,,49,,
,WIPRO,Wipro Ltd.,COMPUTERS - SOFTWARE,10443499852,57247.87,0.66,1.11,0.36,1.47,-0.58,0.02,,,,,,,50,,
,,,,,8614956.00,,,,,,0.02,,,,,,,,,
,,,,,,,,,,,,,,,,,,,,
,,,,,,,,,,,,,,,,,,* Beta & R2 are calculated for the period 01-Oct-2022 to 29-Sep-2023,,
,,,,,,,,,,,,,,,,,,,,
,,,,,,,,,,,,,,,,,,* Beta measures the  degree to which any portfolio of stocks is affected as compared to the effect,,
,,,,,,,,,,,,,,,,,,  on the market as a whole.,,
,,,,,,,,,,,,,,,,,,,,
,,,,,,,,,,,,,,,,,,* The coefficient of determination (R2) measures the strength of relationship between two variables,,
,,,,,,,,,,,,,,,,,,   the return on  a security versus that of the market.,,
,,,,,,,,,,,,,,,,,,,,
,,,,,,,,,,,,,,,,,,* Volatility is the Std. deviation of the daily returns for the period 01-Oct-2022 to 29-Sep-2023,,
,,,,,,,,,,,,,,,,,,,,
,,,,,,,,,,,,,,,,,,* Last day of trading was 29-Sep-2023,,
,,,,,,,,,,,,,,,,,,,,
,,,,,,,,,,,,,,,,,,* Impact Cost for Nifty 50 is for a portfolio of Rs. 50 Lakhs  ,,
,,,,,,,,,,,,,,,,,,,,
,,,,,,,,,,,,,,,,,,* Impact Cost for Nifty 50 is the weightage average impact cost,,
,,,,,,,,,,,,,,,,,,,,
,Security Symbol,Security Name,Industry,Equity Capital (In Rs.),Index Market Capitalisation (Rs. Crores),Weightage (%),Beta,R2,Volatility (%),Monthly Return,Avg. Impact Cost (%),,,,,,,,Sr. No,
,ADANIENT,Adani Enterprises Ltd.,TRADING - MINERALS/ MINING,1140001121,73694.92444090,0.63674007,2.04,0.45,0.98,3.86,0.02,,,,,,,,1,
,ADANIPORTS,Adani Ports and Special Economic Zone Ltd.,PORT,4320277890,106602.90394037,0.92107213,2.08,0.48,1.24,-2.27,0.03,,,,,,,,2,
,APOLLOHOSP,Apollo Hospitals Enterprise Ltd.,HOSPITAL,718923285,72787.97891385,0.62890387,0.53,0.11,0.76,3.92,0.01,,,,,,,,3,
,ASIANPAINT,Asian Paints Ltd.,PAINTS,959197790,150389.38686813,1.29939680,0.50,0.14,0.94,6.47,0.02,,,,,,,,4,
,AXISBANK,Axis Bank Ltd.,PRIVATE SECTOR BANK,6186123048,350705.09944863,3.03016785,1.12,0.38,1.20,4.85,0.02,,,,,,,,5,
,BAJAJ-AUTO,Bajaj Auto Ltd.,MOTOR CYCLES/SCOOTERS,2792576080,136765.79545529,1.18168603,0.55,0.09,1.60,13.35,0.02,,,,,,,,6,
,BAJFINANCE,Bajaj Finance Ltd.,NBFC,1237992640,215192.79830106,1.85931228,1.05,0.31,1.58,6.98,0.02,,,,,,,,7,
,BAJAJFINSV,Bajaj Finserv Ltd.,GENERAL INSURANCE,1596662097,107620.21937540,0.92986195,0.99,0.36,1.44,10.68,0.03,,,,,,,,8,
,BEL,Bharat Electronics Ltd.,DEFENSE,7309778829,101831.16040310,0.87984323,1.73,0.38,1.73,-4.74,0.02,,,,,,,,9,
,BPCL,Bharat Petroleum Corporation Ltd.,REFINERIES/MARKETING,43385054880,71509.70879584,0.61785934,1.39,0.28,1.95,3.44,0.02,,,,,,,,10,
,BHARTIARTL,Bharti Airtel Ltd.,TELECOM - SERVICES,28465772430,457581.48698654,3.95360294,0.89,0.29,1.51,7.58,0.02,,,,,,,,11,
,BRITANNIA,Britannia Industries Ltd.,CONSUMER FOOD,240868296,74598.53178131,0.64454744,0.27,0.04,0.78,8.25,0.02,,,,,,,,12,
,CIPLA,Cipla Ltd.,PHARMACEUTICALS,1615119840,90768.58516381,0.78426019,0.29,0.03,1.12,-0.05,0.02,,,,,,,,13,
,COALINDIA,Coal India Ltd.,INDUSTRIAL MINERALS,61627283270,115554.62728798,0.99841695,1.55,0.36,1.51,-2.82,0.03,,,,,,,,14,
,DRREDDY,Dr. Reddy's Laboratories Ltd.,PHARMACEUTICALS,834349410,82223.66927798,0.71043027,0.41,0.08,0.85,-3.98,0.01,,,,,,,,15,
,EICHERMOT,Eicher Motors Ltd.,MOTOR CYCLES/SCOOTERS,274060710,69035.63615689,0.59648282,0.85,0.21,1.18,1.33,0.02,,,,,,,,16,
,GRASIM,Grasim Industries Ltd.,CEMENT,1316958452,103867.61046262,0.89743860,0.97,0.32,1.42,3.58,0.02,,,,,,,,17,
,HCLTECH,HCL Technologies Ltd.,COMPUTERS - SOFTWARE,5427330192,189434.39822110,1.63675414,0.69,0.16,1.34,2.44,0.02,,,,,,,,18,
,HDFCBANK,HDFC Bank Ltd.,PRIVATE SECTOR BANK,7628644396,1312015.94304746,11.33610129,0.99,0.39,0.85,5.81,0.01,,,,,,,,19,
,HDFCLIFE,HDFC Life Insurance Company Ltd.,LIFE INSURANCE,21522212070,76517.90034159,0.66113120,0.61,0.12,1.53,-2.80,0.02,,,,,,,,20,
,HEROMOTOCO,Hero MotoCorp Ltd.,MOTOR CYCLES/SCOOTERS,399960236,73940.69505672,0.63886358,0.59,0.09,1.63,4.71,0.02,,,,,,,,21,
,HINDALCO,Hindalco Industries Ltd.,ALUMINIUM,2247216523,109880.50608179,0.94939132,1.13,0.25,1.73,7.82,0.02,,,,,,,,22,
,HINDUNILVR,Hindustan Unilever Ltd.,DIVERSIFIED,2349591262,263041.74692720,2.27273754,0.22,0.03,1.34,6.49,0.02,,,,,,,,23,
,ICICIBANK,ICICI Bank Ltd.,PRIVATE SECTOR BANK,14091369608,895604.38483155,7.73821544,1.01,0.45,1.42,3.56,0.02,,,,,,,,24,
,ITC,ITC Ltd.,CIGARETTES & RELATED PRODUCTS,12507598702,481316.96547833,4.15868260,0.65,0.22,0.92,3.24,0.02,,,,,,,,25,
,INDUSINDBK,IndusInd Bank Ltd.,PRIVATE SECTOR BANK,7789930880,95483.57358827,0.82499871,1.19,0.41,0.95,1.57,0.02,,,,,,,,26,
,INFY,Infosys Ltd.,COMPUTERS - SOFTWARE,20760673405,674093.86482862,5.82431667,0.80,0.23,1.08,-3.50,0.02,,,,,,,,27,
,JSWSTEEL,JSW Steel Ltd.,STEEL,2445453966,98653.77573800,0.85238994,1.34,0.47,1.38,9.45,0.03,,,,,,,,28,
,KOTAKBANK,Kotak Mahindra Bank Ltd.,PRIVATE SECTOR BANK,9940600060,271847.66326112,2.34882256,0.85,0.26,1.02,4.11,0.02,,,,,,,,29,
,LT,Larsen & Toubro Ltd.,ENGINEERING-DESIGNING-CONSTRUCTION,2749989800,432084.52331515,3.73330366,1.42,0.50,1.20,-0.79,0.02,,,,,,,,30,
,M&M,Mahindra & Mahindra Ltd.,PASSENGER/UTILITY VEHICLES,6217644155,275376.76396533,2.37931475,1.22,0.30,1.87,10.32,0.02,,,,,,,,31,
,MARUTI,Maruti Suzuki India Ltd.,PASSENGER/UTILITY VEHICLES,1572012870,173976.24230942,1.50319233,0.79,0.24,1.30,6.73,0.02,,,,,,,,32,
,NTPC,NTPC Ltd.,POWER,96966661340,209584.38412744,1.81085437,1.55,0.44,1.53,6.49,0.03,,,,,,,,33,
,NESTLEIND,Nestle India Ltd.,CONSUMER FOOD,964157160,96229.20927024,0.83144116,0.32,0.05,1.07,7.57,0.03,,,,,,,,34,
,ONGC,Oil & Natural Gas Corporation Ltd.,OIL EXPLORATION,62901396030,115291.25422353,0.99614135,1.78,0.42,1.69,-10.02,0.02,,,,,,,,35,
,POWERGRID,Power Grid Corporation of India Ltd.,POWER - TRANSMISSION,93006038190,159626.37620832,1.37920639,1.28,0.33,1.40,4.58,0.03,,,,,,,,36,
,RELIANCE,Reliance Industries Ltd.,REFINERIES/MARKETING,67658171140,1000010.67586728,8.64030836,1.16,0.53,1.13,-2.19,0.01,,,,,,,,37,
,SBILIFE,SBI Life Insurance Company Ltd.,LIFE INSURANCE,10019239540,82364.23390336,0.71164478,0.79,0.20,1.54,-0.34,0.03,,,,,,,,38,
,SHRIRAMFIN,Shriram Finance Ltd.,NBFC,3759892640,99829.79248227,0.86255098,1.56,0.37,1.66,11.62,0.02,,,,,,,,39,
,SBIN,State Bank of India,PUBLIC SECTOR BANK,8924612434,302710.55796575,2.61548464,1.49,0.49,1.48,-3.40,0.02,,,,,,,,40,
,SUNPHARMA,Sun Pharmaceutical Industries Ltd.,PHARMACEUTICALS,2399334970,207700.03359404,1.79457318,0.46,0.11,0.91,5.77,0.02,,,,,,,,41,
,TCS,Tata Consultancy Services Ltd.,COMPUTERS - SOFTWARE,3618087518,435669.78335615,3.76428108,0.60,0.15,0.91,-6.26,0.02,,,,,,,,42,
,TATACONSUM,Tata Consumer Products Ltd.,TEA &  COFFEE,989403547,77751.48247326,0.67178961,0.49,0.09,1.02,-0.27,0.02,,,,,,,,43,
,TATAMOTORS,Tata Motors Ltd.,PASSENGER/UTILITY VEHICLES,7361768240,206581.46301546,1.78490849,1.08,0.26,1.62,-12.30,0.02,,,,,,,,44,
,TATASTEEL,Tata Steel Ltd.,STEEL,12483527171,139484.26684217,1.20517421,1.51,0.48,1.37,10.34,0.02,,,,,,,,45,
,TECHM,Tech Mahindra Ltd.,COMPUTERS - SOFTWARE,4891061850,99943.25458646,0.86353132,0.89,0.23,1.42,-3.62,0.03,,,,,,,,46,
,TITAN,Titan Company Ltd.,"GEMS, JEWELLERY AND WATCHES",887786160,158000.38753906,1.36515749,0.69,0.17,1.06,7.26,0.02,,,,,,,,47,
,TRENT,Trent Ltd.,SPECIALITY RETAIL,355487461,168044.78295617,1.45194324,0.84,0.10,1.32,5.81,0.01,,,,,,,,48,
,ULTRACEMCO,UltraTech Cement Ltd.,CEMENT,2886973180,134516.82361356,1.16225443,1.12,0.44,1.01,4.42,0.02,,,,,,,,49,
,WIPRO,Wipro Ltd.,COMPUTERS - SOFTWARE,10462585398,76446.74508786,0.66051640,1.06,0.26,1.68,0.57,0.03,,,,,,,,50,
,,,,,11573784.57716370,,,,,,0.02,,,,,,,,,
,,,,,,,,,,,,,,,,,,,,
,,,,,,,,,,,,,,,,,,,* Beta & R2 are calculated for the period 01-Oct-2023 to 30-Sep-2024,
,,,,,,,,,,,,,,,,,,,,
,,,,,,,,,,,,,,,,,,,* Beta measures the  degree to which any portfolio of stocks is affected as compared to the effect,
,,,,,,,,,,,,,,,,,,,  on the market as a whole.,
,,,,,,,,,,,,,,,,,,,,
,,,,,,,,,,,,,,,,,,,* The coefficient of determination (R2) measures the strength of relationship between two variables,
,,,,,,,,,,,,,,,,,,,   the return on  a security versus that of the market.,
,,,,,,,,,,,,,,,,,,,,
,,,,,,,,,,,,,,,,,,,* Volatility is the Std. deviation of the daily returns for the period 01-Sep-2024 to 30-Sep-2024,
,,,,,,,,,,,,,,,,,,,,
,,,,,,,,,,,,,,,,,,,* Last day of trading was 30-Sep-2024,
,,,,,,,,,,,,,,,,,,,,
,,,,,,,,,,,,,,,,,,,* Impact Cost for Nifty 50 is for a portfolio of Rs. 50 Lakhs  ,
,,,,,,,,,,,,,,,,,,,,
,,,,,,,,,,,,,,,,,,,* Impact Cost for Nifty 50 is the weightage average impact cost,
,,,,,,,,,,,,,,,,,,,,
,Security Symbol,Security Name,Industry,Equity Capital (In Rs.),Index Market Capitalisation (Rs. Crores),Weightage (%),Beta,R2,Volatility (%),Monthly Return,Avg. Impact Cost (%),,,,,,,,,Sr. No
,ADANIENT,Adani Enterprises Ltd.,TRADING - MINERALS/ MINING,1154180729,65091.79,0.58,1.64,0.26,1.72,11.64,0.02,,,,,,,,,1
,ADANIPORTS,Adani Ports and Special Economic Zone Ltd.,PORT,4320277890,103292.50,0.92,1.47,0.35,1.01,6.91,0.02,,,,,,,,,2
,APOLLOHOSP,Apollo Hospitals Enterprise Ltd.,HOSPITAL,718923285,74646.89,0.66,0.76,0.19,0.84,-2.64,0.01,,,,,,,,,3
,ASIANPAINT,Asian Paints Ltd.,PAINTS,959197790,105975.63,0.94,0.75,0.21,1.09,-6.69,0.01,,,,,,,,,4
,AXISBANK,Axis Bank Ltd.,PRIVATE SECTOR BANK,6205359520,323162.63,2.87,1.06,0.37,1.03,8.27,0.02,,,,,,,,,5
,BAJAJ-AUTO,Bajaj Auto Ltd.,MOTOR CYCLES/SCOOTERS,2792576080,95927.24,0.85,1.14,0.27,1.45,0.54,0.02,,,,,,,,,6
,BAJFINANCE,Bajaj Finance Ltd.,NBFC,6222481865,265031.04,2.35,1.16,0.32,1.49,13.79,0.02,,,,,,,,,7
,BAJAJFINSV,Bajaj Finserv Ltd.,GENERAL INSURANCE,1597813220,114206.57,1.01,1.18,0.38,0.99,4.85,0.02,,,,,,,,,8
,BEL,Bharat Electronics Ltd.,DEFENSE,7309778829,144281.35,1.28,1.23,0.26,1.59,9.35,0.02,,,,,,,,,9
,BHARTIARTL,Bharti Airtel Ltd.,TELECOM - SERVICES,28510526595,510541.57,4.53,0.91,0.32,0.75,-0.55,0.02,,,,,,,,,10
,CIPLA,Cipla Ltd.,PHARMACEUTICALS,1615508148,84318.94,0.75,0.73,0.17,0.99,-5.42,0.02,,,,,,,,,11
,COALINDIA,Coal India Ltd.,INDUSTRIAL MINERALS,61627283270,88309.73,0.78,0.91,0.31,0.84,4.04,0.03,,,,,,,,,12
,DRREDDY,Dr. Reddy's Laboratories Ltd.,PHARMACEUTICALS,834613760,74343.29,0.66,0.68,0.17,1.32,-2.89,0.02,,,,,,,,,13
,EICHERMOT,Eicher Motors Ltd.,MOTOR CYCLES/SCOOTERS,274277990,96128.64,0.85,1.12,0.34,1.23,14.79,0.01,,,,,,,,,14
,ETERNAL,Eternal Ltd.,E-RETAIL/ E-COMMERCE,9650350647,226021.12,2.01,1.30,0.18,1.39,3.68,0.02,,,,,,,,,15
,GRASIM,Grasim Industries Ltd.,CEMENT,1361034062,105043.63,0.93,1.12,0.44,0.72,-0.67,0.02,,,,,,,,,16
,HCLTECH,HCL Technologies Ltd.,COMPUTERS - SOFTWARE,5427330192,146338.87,1.30,1.07,0.29,1.21,-4.79,0.02,,,,,,,,,17
,HDFCBANK,HDFC Bank Ltd.,PRIVATE SECTOR BANK,15360347948,1448428.51,12.87,0.92,0.45,0.52,-0.06,0.02,,,,,,,,,18
,HDFCLIFE,HDFC Life Insurance Company Ltd.,LIFE INSURANCE,21554475820,80945.43,0.72,0.80,0.23,1.13,-2.02,0.01,,,,,,,,,19
,HINDALCO,Hindalco Industries Ltd.,ALUMINIUM,2247226523,110049.75,0.98,1.26,0.34,1.02,8.24,0.02,,,,,,,,,20
,HINDUNILVR,Hindustan Unilever Ltd.,DIVERSIFIED,2349591262,222528.38,1.98,0.45,0.09,0.81,-5.47,0.01,,,,,,,,,21
,ICICIBANK,ICICI Bank Ltd.,PRIVATE SECTOR BANK,14286352056,959257.48,8.52,0.89,0.45,0.63,-3.56,0.02,,,,,,,,,22
,ITC,ITC Ltd.,CIGARETTES & RELATED PRODUCTS,12526662922,385806.24,3.43,0.53,0.18,0.85,-2.00,0.02,,,,,,,,,23
,INFY,Infosys Ltd.,COMPUTERS - SOFTWARE,20771961015,517987.35,4.60,1.10,0.30,1.62,-1.89,0.02,,,,,,,,,24
,INDIGO,InterGlobe Aviation Ltd.,AIRLINES,3865638350,121877.25,1.08,0.63,0.21,1.04,-0.91,0.02,,,,,,,,,25
,JSWSTEEL,JSW Steel Ltd.,STEEL,2445453966,106746.57,0.95,1.15,0.38,1.05,11.31,0.03,,,,,,,,,26
,JIOFIN,Jio Financial Services Ltd.,NBFC,63531416230,95820.71,0.85,1.58,0.42,0.88,-5.94,0.03,,,,,,,,,27
,KOTAKBANK,Kotak Mahindra Bank Ltd.,PRIVATE SECTOR BANK,9942962565,292236.09,2.60,0.98,0.29,0.90,1.65,0.01,,,,,,,,,28
,LT,Larsen & Toubro Ltd.,ENGINEERING-DESIGNING-CONSTRUCTION,2751112006,428507.59,3.81,1.20,0.41,0.93,1.61,0.02,,,,,,,,,29
,M&M,Mahindra & Mahindra Ltd.,PASSENGER/UTILITY VEHICLES,6217644155,302867.46,2.69,1.36,0.35,2.23,7.11,0.01,,,,,,,,,30
,MARUTI,Maruti Suzuki India Ltd.,PASSENGER/UTILITY VEHICLES,1572012870,209748.96,1.86,0.84,0.24,1.15,8.37,0.02,,,,,,,,,31
,MAXHEALTH,Max Healthcare Institute Ltd.,HOSPITAL,9722364310,82627.96,0.73,0.99,0.14,1.25,-3.43,0.02,,,,,,,,,32
,NTPC,NTPC Ltd.,POWER,96966661340,160963.35,1.43,1.09,0.37,0.95,3.94,0.03,,,,,,,,,33
,NESTLEIND,Nestle India Ltd.,CONSUMER FOOD,1928314320,82432.53,0.73,0.69,0.20,1.05,-0.29,0.03,,,,,,,,,34
,ONGC,Oil & Natural Gas Corporation Ltd.,OIL EXPLORATION,62901396030,92774.38,0.82,1.07,0.31,0.78,2.48,0.02,,,,,,,,,35
,POWERGRID,Power Grid Corporation of India Ltd.,POWER - TRANSMISSION,93006038190,126589.87,1.12,1.03,0.32,1.19,1.82,0.03,,,,,,,,,36
,RELIANCE,Reliance Industries Ltd.,REFINERIES/MARKETING,135324726340,920814.08,8.18,1.18,0.53,0.61,0.50,0.01,,,,,,,,,37
,SBILIFE,SBI Life Insurance Company Ltd.,LIFE INSURANCE,10024752260,80108.34,0.71,0.83,0.24,0.93,-0.83,0.03,,,,,,,,,38
,SHRIRAMFIN,Shriram Finance Ltd.,NBFC,3762015766,86024.21,0.76,1.68,0.38,1.14,6.18,0.02,,,,,,,,,39
,SBIN,State Bank of India,PUBLIC SECTOR BANK,9230617586,360977.37,3.21,0.99,0.38,0.92,8.72,0.02,,,,,,,,,40
,SUNPHARMA,Sun Pharmaceutical Industries Ltd.,PHARMACEUTICALS,2399334970,167544.85,1.49,0.64,0.16,0.95,-0.01,0.02,,,,,,,,,41
,TCS,Tata Consultancy Services Ltd.,COMPUTERS - SOFTWARE,3618087518,294171.72,2.61,0.89,0.30,1.18,-6.36,0.02,,,,,,,,,42
,TATACONSUM,Tata Consumer Products Ltd.,TEA &  COFFEE,989541732,73345.86,0.65,0.88,0.22,1.33,6.00,0.02,,,,,,,,,43
,TATAMOTORS,Tata Motors Ltd.,PASSENGER/UTILITY VEHICLES,7365045324,141687.95,1.26,1.27,0.31,1.57,1.67,0.02,,,,,,,,,44
,TATASTEEL,Tata Steel Ltd.,STEEL,12483527171,139178.17,1.24,1.35,0.39,1.51,9.25,0.02,,,,,,,,,45
,TECHM,Tech Mahindra Ltd.,COMPUTERS - SOFTWARE,4897811515,88650.24,0.79,1.04,0.27,1.37,-5.47,0.02,,,,,,,,,46
,TITAN,Titan Company Ltd.,"GEMS, JEWELLERY AND WATCHES",887786160,138556.68,1.23,0.83,0.24,0.91,-7.21,0.02,,,,,,,,,47
,TRENT,Trent Ltd.,SPECIALITY RETAIL,355487461,103536.28,0.92,1.42,0.21,1.49,-11.71,0.02,,,,,,,,,48
,ULTRACEMCO,UltraTech Cement Ltd.,CEMENT,2946791710,144680.78,1.29,0.98,0.32,0.94,-3.31,0.02,,,,,,,,,49
,WIPRO,Wipro Ltd.,COMPUTERS - SOFTWARE,20967373360,68106.79,0.60,1.08,0.27,1.37,-4.03,0.02,,,,,,,,,50
,,,,,11258240.6,,,,,,0.02,,,,,,,,,
,,,,,,,,,,,,,,,,,,,,
,,,,,,,,,,,,,,,,,,,,* Beta & R2 are calculated for the period 01-Oct-2024 to 30-Sep-2025
,,,,,,,,,,,,,,,,,,,,
,,,,,,,,,,,,,,,,,,,,* Beta measures the  degree to which any portfolio of stocks is affected as compared to the effect
,,,,,,,,,,,,,,,,,,,,  on the market as a whole.
,,,,,,,,,,,,,,,,,,,,
,,,,,,,,,,,,,,,,,,,,* The coefficient of determination (R2) measures the strength of relationship between two variables
,,,,,,,,,,,,,,,,,,,,   the return on  a security versus that of the market.
,,,,,,,,,,,,,,,,,,,,
,,,,,,,,,,,,,,,,,,,,* Volatility is the Std. deviation of the daily returns for the period 01-Sep-2025 to 30-Sep-2025
,,,,,,,,,,,,,,,,,,,,
,,,,,,,,,,,,,,,,,,,,*Impact Cost for Nifty 50 is for a portfolio of Rs. 50 Lakhs. Impact Cost for NIFTY 50 is the weightage average impact cost for the month.
,,,,,,,,,,,,,,,,,,,,
,,,,,,,,,,,,,,,,,,,,*Last day of trading was 30-Sep-2025
